date,current_target,next_meeting,next_implied,third_meeting,third_implied,sixth_meeting,sixth_implied
2021-07-02,,2021-07-26,0.2675,2021-12-14,,2022-05-04,
2021-07-03,,2021-07-26,0.2675,2021-12-14,,2022-05-04,
2021-07-04,,2021-07-26,0.2675,2021-12-14,,2022-05-04,
2021-07-05,,2021-07-26,0.2575,2021-12-14,,2022-05-04,
2021-07-06,,2021-07-26,0.2562,2021-12-14,,2022-05-04,
2021-07-07,,2021-07-26,0.2588,2021-12-14,,2022-05-04,
2021-07-08,,2021-07-26,0.2588,2021-12-14,,2022-05-04,
2021-07-09,,2021-07-26,0.2638,2021-12-14,,2022-05-04,
2021-07-10,,2021-07-26,0.2562,2021-12-14,,2022-05-04,
2021-07-11,,2021-07-26,0.255,2021-12-14,,2022-05-04,
2021-07-12,,2021-07-26,0.2562,2021-12-14,,2022-05-04,
2021-07-13,,2021-07-26,0.2588,2021-12-14,,2022-05-04,
2021-07-14,,2021-07-26,0.2562,2021-12-14,,2022-05-04,
2021-07-15,,2021-07-26,0.2562,2021-12-14,,2022-05-04,
2021-07-16,,2021-07-26,0.255,2021-12-14,,2022-05-04,
2021-07-17,,2021-07-26,0.2562,2021-12-14,,2022-05-04,
2021-07-18,,2021-07-26,0.2525,2021-12-14,,2022-05-04,
2021-07-19,,2021-07-26,0.2525,2021-12-14,,2022-05-04,
2021-07-20,,2021-07-26,0.2562,2021-12-14,,2022-05-04,
2021-07-21,,2021-07-26,0.2562,2021-12-14,,2022-05-04,
2021-07-22,,2021-07-26,0.2562,2021-12-14,,2022-05-04,
2021-07-23,,2021-07-26,0.2525,2021-12-14,,2022-05-04,
2021-07-24,,2021-07-26,0.2512,2021-12-14,,2022-05-04,
2021-07-25,,2021-07-26,0.2512,2021-12-14,,2022-05-04,
2021-07-26,,2021-07-26,0.2525,2021-12-14,,2022-05-04,
2021-07-29,0.25,2021-09-20,0.255,2022-01-26,,2022-06-15,
2021-07-30,0.25,2021-09-20,0.2588,2022-01-26,,2022-06-15,
2021-07-31,0.25,2021-09-20,0.2575,2022-01-26,,2022-06-15,
2021-08-01,0.25,2021-09-20,0.2575,2022-01-26,,2022-06-15,
2021-08-02,0.25,2021-09-20,0.2575,2022-01-26,,2022-06-15,
2021-08-03,0.25,2021-09-20,0.2575,2022-01-26,,2022-06-15,
2021-08-04,0.25,2021-09-20,0.2588,2022-01-26,,2022-06-15,
2021-08-05,0.25,2021-09-20,0.2588,2022-01-26,,2022-06-15,
2021-08-06,0.25,2021-09-20,0.2575,2022-01-26,,2022-06-15,
2021-08-07,0.25,2021-09-20,0.2562,2022-01-26,,2022-06-15,
2021-08-08,0.25,2021-09-20,0.2562,2022-01-26,,2022-06-15,
2021-08-09,0.25,2021-09-20,0.2575,2022-01-26,,2022-06-15,
2021-08-10,0.25,2021-09-20,0.2575,2022-01-26,,2022-06-15,
2021-08-11,0.25,2021-09-20,0.2575,2022-01-26,,2022-06-15,
2021-08-12,0.25,2021-09-20,0.2575,2022-01-26,,2022-06-15,
2021-08-13,0.25,2021-09-20,0.2575,2022-01-26,,2022-06-15,
2021-08-14,0.25,2021-09-20,0.2575,2022-01-26,,2022-06-15,
2021-08-15,0.25,2021-09-20,0.2562,2022-01-26,,2022-06-15,
2021-08-16,0.25,2021-09-20,0.2562,2022-01-26,,2022-06-15,
2021-08-17,0.25,2021-09-20,0.2562,2022-01-26,,2022-06-15,
2021-08-18,0.25,2021-09-20,0.2537,2022-01-26,,2022-06-15,
2021-08-19,0.25,2021-09-20,0.2537,2022-01-26,,2022-06-15,
2021-08-20,0.25,2021-09-20,0.2562,2022-01-26,,2022-06-15,
2021-08-21,0.25,2021-09-20,0.2562,2022-01-26,,2022-06-15,
2021-08-22,0.25,2021-09-20,0.2562,2022-01-26,,2022-06-15,
2021-08-23,0.25,2021-09-20,0.2562,2022-01-26,,2022-06-15,
2021-08-24,0.25,2021-09-20,0.2562,2022-01-26,,2022-06-15,
2021-08-25,0.25,2021-09-20,0.2562,2022-01-26,,2022-06-15,
2021-08-26,0.25,2021-09-20,0.2562,2022-01-26,,2022-06-15,
2021-08-27,0.25,2021-09-20,0.2562,2022-01-26,,2022-06-15,
2021-08-28,0.25,2021-09-20,0.2562,2022-01-26,,2022-06-15,
2021-08-29,0.25,2021-09-20,0.2562,2022-01-26,,2022-06-15,
2021-08-30,0.25,2021-09-20,0.2562,2022-01-26,,2022-06-15,
2021-08-31,0.25,2021-09-20,0.2562,2022-01-26,,2022-06-15,
2021-09-01,0.25,2021-09-20,0.2562,2022-01-26,,2022-06-15,
2021-09-02,0.25,2021-09-20,0.2562,2022-01-26,,2022-06-15,
2021-09-03,0.25,2021-09-20,0.2562,2022-01-26,,2022-06-15,
2021-09-04,0.25,2021-09-20,0.2562,2022-01-26,,2022-06-15,
2021-09-05,0.25,2021-09-20,0.2562,2022-01-26,,2022-06-15,
2021-09-06,0.25,2021-09-20,0.2562,2022-01-26,,2022-06-15,
2021-09-07,0.25,2021-09-20,0.2562,2022-01-26,,2022-06-15,
2021-09-08,0.25,2021-09-20,0.2562,2022-01-26,,2022-06-15,
2021-09-09,0.25,2021-09-20,0.2562,2022-01-26,,2022-06-15,
2021-09-10,0.25,2021-09-20,0.2537,2022-01-26,,2022-06-15,
2021-09-11,0.25,2021-09-20,0.2537,2022-01-26,,2022-06-15,
2021-09-12,0.25,2021-09-20,0.2537,2022-01-26,,2022-06-15,
2021-09-13,0.25,2021-09-20,0.2512,2022-01-26,,2022-06-15,
2021-09-14,0.25,2021-09-20,0.2525,2022-01-26,,2022-06-15,
2021-09-15,0.25,2021-09-20,0.2525,2022-01-26,,2022-06-15,
2021-09-16,0.25,2021-09-20,0.2512,2022-01-26,,2022-06-15,
2021-09-17,0.25,2021-09-20,0.2512,2022-01-26,,2022-06-15,
2021-09-18,0.25,2021-09-20,0.2512,2022-01-26,,2022-06-15,
2021-09-19,0.25,2021-09-20,0.2512,2022-01-26,,2022-06-15,
2021-09-20,0.25,2021-09-20,0.2512,2022-01-26,,2022-06-15,
2021-11-15,0.25,2021-12-14,0.275,2022-03-16,,2022-07-27,
2021-11-16,0.25,2021-12-14,0.2612,2022-03-16,,2022-07-27,
2021-11-17,0.25,2021-12-14,0.2638,2022-03-16,,2022-07-27,
2021-11-18,0.25,2021-12-14,0.2588,2022-03-16,,2022-07-27,
2021-11-19,0.25,2021-12-14,0.2588,2022-03-16,,2022-07-27,
2021-11-20,0.25,2021-12-14,0.2588,2022-03-16,,2022-07-27,
2021-11-21,0.25,2021-12-14,0.2575,2022-03-16,,2022-07-27,
2021-11-22,0.25,2021-12-14,0.255,2022-03-16,,2022-07-27,
2021-11-23,0.25,2021-12-14,0.255,2022-03-16,,2022-07-27,
2021-11-24,0.25,2021-12-14,0.2537,2022-03-16,,2022-07-27,
2021-11-25,0.25,2021-12-14,0.2537,2022-03-16,,2022-07-27,
2021-11-26,0.25,2021-12-14,0.255,2022-03-16,,2022-07-27,
2021-11-27,0.25,2021-12-14,0.255,2022-03-16,,2022-07-27,
2021-11-28,0.25,2021-12-14,0.255,2022-03-16,,2022-07-27,
2021-11-29,0.25,2021-12-14,0.255,2022-03-16,,2022-07-27,
2021-11-30,0.25,2021-12-14,0.255,2022-03-16,,2022-07-27,
2021-12-01,0.25,2021-12-14,0.255,2022-03-16,,2022-07-27,
2021-12-02,0.25,2021-12-14,0.255,2022-03-16,,2022-07-27,
2021-12-03,0.25,2021-12-14,0.2537,2022-03-16,,2022-07-27,
2021-12-04,0.25,2021-12-14,0.2537,2022-03-16,,2022-07-27,
2021-12-05,0.25,2021-12-14,0.2537,2022-03-16,,2022-07-27,
2021-12-06,0.25,2021-12-14,0.2537,2022-03-16,,2022-07-27,
2021-12-07,0.25,2021-12-14,0.2537,2022-03-16,,2022-07-27,
2021-12-08,0.25,2021-12-14,0.2537,2022-03-16,,2022-07-27,
2021-12-09,0.25,2021-12-14,0.2525,2022-03-16,,2022-07-27,
2021-12-10,0.25,2021-12-14,0.2525,2022-03-16,,2022-07-27,
2021-12-11,0.25,2021-12-14,0.2525,2022-03-16,,2022-07-27,
2021-12-12,0.25,2021-12-14,0.2525,2022-03-16,,2022-07-27,
2021-12-13,0.25,2021-12-14,0.2525,2022-03-16,,2022-07-27,
2021-12-14,0.25,2021-12-14,0.2525,2022-03-16,,2022-07-27,
2021-12-27,0.25,2022-01-26,0.2738,2022-05-04,,2022-09-21,
2021-12-28,0.25,2022-01-26,0.265,2022-05-04,,2022-09-21,
2021-12-29,0.25,2022-01-26,0.2537,2022-05-04,,2022-09-21,
2021-12-30,0.25,2022-01-26,0.255,2022-05-04,,2022-09-21,
2021-12-31,0.25,2022-01-26,0.26,2022-05-04,,2022-09-21,
2022-01-01,0.25,2022-01-26,0.26,2022-05-04,,2022-09-21,
2022-01-02,0.25,2022-01-26,0.26,2022-05-04,,2022-09-21,
2022-01-03,0.25,2022-01-26,0.2588,2022-05-04,,2022-09-21,
2022-01-04,0.25,2022-01-26,0.2575,2022-05-04,,2022-09-21,
2022-01-05,0.25,2022-01-26,0.2575,2022-05-04,,2022-09-21,
2022-01-06,0.25,2022-01-26,0.2575,2022-05-04,,2022-09-21,
2022-01-07,0.25,2022-01-26,0.2575,2022-05-04,,2022-09-21,
2022-01-08,0.25,2022-01-26,0.2575,2022-05-04,,2022-09-21,
2022-01-09,0.25,2022-01-26,0.2537,2022-05-04,,2022-09-21,
2022-01-10,0.25,2022-01-26,0.255,2022-05-04,,2022-09-21,
2022-01-11,0.25,2022-01-26,0.255,2022-05-04,,2022-09-21,
2022-01-12,0.25,2022-01-26,0.255,2022-05-04,,2022-09-21,
2022-01-13,0.25,2022-01-26,0.255,2022-05-04,,2022-09-21,
2022-01-14,0.25,2022-01-26,0.255,2022-05-04,,2022-09-21,
2022-01-15,0.25,2022-01-26,0.255,2022-05-04,,2022-09-21,
2022-01-16,0.25,2022-01-26,0.255,2022-05-04,,2022-09-21,
2022-01-17,0.25,2022-01-26,0.255,2022-05-04,,2022-09-21,
2022-01-18,0.25,2022-01-26,0.255,2022-05-04,,2022-09-21,
2022-01-19,0.25,2022-01-26,0.255,2022-05-04,,2022-09-21,
2022-01-20,0.25,2022-01-26,0.255,2022-05-04,,2022-09-21,
2022-01-21,0.25,2022-01-26,0.2537,2022-05-04,,2022-09-21,
2022-01-22,0.25,2022-01-26,0.2537,2022-05-04,,2022-09-21,
2022-01-23,0.25,2022-01-26,0.2537,2022-05-04,,2022-09-21,
2022-01-24,0.25,2022-01-26,0.2612,2022-05-04,,2022-09-21,
2022-01-25,0.25,2022-01-26,0.2612,2022-05-04,,2022-09-21,
2022-01-26,0.25,2022-01-26,0.26,2022-05-04,,2022-09-21,
2022-01-27,0.25,2022-03-16,,2022-06-15,,2022-11-02,
2022-01-28,0.25,2022-03-16,,2022-06-15,,2022-11-02,
2022-01-29,0.25,2022-03-16,,2022-06-15,,2022-11-02,
2022-01-30,0.25,2022-03-16,,2022-06-15,,2022-11-02,
2022-01-31,0.25,2022-03-16,,2022-06-15,,2022-11-02,
2022-02-01,0.25,2022-03-16,,2022-06-15,,2022-11-02,
2022-02-02,0.25,2022-03-16,,2022-06-15,,2022-11-02,
2022-02-03,0.25,2022-03-16,,2022-06-15,,2022-11-02,
2022-02-04,0.25,2022-03-16,,2022-06-15,,2022-11-02,
2022-02-05,0.25,2022-03-16,,2022-06-15,,2022-11-02,
2022-02-06,0.25,2022-03-16,,2022-06-15,,2022-11-02,
2022-02-07,0.25,2022-03-16,,2022-06-15,,2022-11-02,
2022-02-08,0.25,2022-03-16,,2022-06-15,,2022-11-02,
2022-02-09,0.25,2022-03-16,,2022-06-15,,2022-11-02,
2022-02-10,0.25,2022-03-16,,2022-06-15,,2022-11-02,
2022-02-11,0.25,2022-03-16,0.6138,2022-06-15,1.02,2022-11-02,
2022-02-12,0.25,2022-03-16,0.6175,2022-06-15,1.02,2022-11-02,
2022-02-13,0.25,2022-03-16,0.5838,2022-06-15,1.02,2022-11-02,
2022-02-14,0.25,2022-03-16,0.6062,2022-06-15,,2022-11-02,
2022-02-15,0.25,2022-03-16,0.6038,2022-06-15,,2022-11-02,
2022-02-16,0.25,2022-03-16,0.5688,2022-06-15,,2022-11-02,
2022-02-17,0.25,2022-03-16,0.575,2022-06-15,,2022-11-02,
2022-02-18,0.25,2022-03-16,0.5512,2022-06-15,,2022-11-02,
2022-02-19,0.25,2022-03-16,0.5512,2022-06-15,,2022-11-02,
2022-02-20,0.25,2022-03-16,0.5488,2022-06-15,,2022-11-02,
2022-02-21,0.25,2022-03-16,0.5412,2022-06-15,,2022-11-02,
2022-02-22,0.25,2022-03-16,0.5525,2022-06-15,,2022-11-02,
2022-02-23,0.25,2022-03-16,0.545,2022-06-15,,2022-11-02,
2022-02-24,0.25,2022-03-16,0.5188,2022-06-15,1.0825,2022-11-02,
2022-02-25,0.25,2022-03-16,0.5275,2022-06-15,1.085,2022-11-02,
2022-02-26,0.25,2022-03-16,0.5262,2022-06-15,1.0812,2022-11-02,
2022-02-27,0.25,2022-03-16,0.5188,2022-06-15,1.0862,2022-11-02,
2022-02-28,0.25,2022-03-16,0.52,2022-06-15,1.0412,2022-11-02,
2022-03-01,0.25,2022-03-16,0.5,2022-06-15,0.9538,2022-11-02,
2022-03-02,0.25,2022-03-16,0.515,2022-06-15,0.965,2022-11-02,
2022-03-03,0.25,2022-03-16,0.5188,2022-06-15,0.985,2022-11-02,
2022-03-04,0.25,2022-03-16,0.52,2022-06-15,0.9887,2022-11-02,
2022-03-05,0.25,2022-03-16,0.5187,2022-06-15,0.99,2022-11-02,
2022-03-06,0.25,2022-03-16,0.5138,2022-06-15,0.9962,2022-11-02,
2022-03-07,0.25,2022-03-16,0.51,2022-06-15,0.9975,2022-11-02,
2022-03-08,0.25,2022-03-16,0.5025,2022-06-15,0.9975,2022-11-02,
2022-03-09,0.25,2022-03-16,0.5062,2022-06-15,1.0138,2022-11-02,
2022-03-10,0.25,2022-03-16,0.5162,2022-06-15,1.0712,2022-11-02,
2022-03-11,0.25,2022-03-16,0.5175,2022-06-15,1.0688,2022-11-02,
2022-03-12,0.25,2022-03-16,0.5175,2022-06-15,1.0688,2022-11-02,
2022-03-13,0.25,2022-03-16,0.5175,2022-06-15,1.0688,2022-11-02,
2022-03-14,0.25,2022-03-16,0.5188,2022-06-15,1.0975,2022-11-02,
2022-03-15,0.25,2022-03-16,0.5112,2022-06-15,1.0925,2022-11-02,
2022-03-16,0.25,2022-03-16,0.5087,2022-06-15,1.1125,2022-11-02,
2022-03-17,0.5,2022-05-04,0.8363,2022-07-27,,2022-12-14,
2022-03-18,0.5,2022-05-04,0.84,2022-07-27,,2022-12-14,
2022-03-19,0.5,2022-05-04,0.825,2022-07-27,,2022-12-14,
2022-03-20,0.5,2022-05-04,0.8225,2022-07-27,,2022-12-14,
2022-03-21,0.5,2022-05-04,0.8588,2022-07-27,,2022-12-14,
2022-03-22,0.5,2022-05-04,0.8762,2022-07-27,,2022-12-14,
2022-03-23,0.5,2022-05-04,0.885,2022-07-27,,2022-12-14,
2022-03-24,0.5,2022-05-04,0.9,2022-07-27,,2022-12-14,
2022-03-25,0.5,2022-05-04,0.9062,2022-07-27,,2022-12-14,
2022-03-26,0.5,2022-05-04,0.9062,2022-07-27,,2022-12-14,
2022-03-27,0.5,2022-05-04,0.91,2022-07-27,,2022-12-14,
2022-03-28,0.5,2022-05-04,0.9288,2022-07-27,,2022-12-14,
2022-03-29,0.5,2022-05-04,0.915,2022-07-27,,2022-12-14,
2022-03-30,0.5,2022-05-04,0.9112,2022-07-27,,2022-12-14,
2022-03-31,0.5,2022-05-04,0.9125,2022-07-27,,2022-12-14,
2022-04-01,0.5,2022-05-04,0.9138,2022-07-27,,2022-12-14,
2022-04-02,0.5,2022-05-04,0.915,2022-07-27,,2022-12-14,
2022-04-03,0.5,2022-05-04,0.9125,2022-07-27,,2022-12-14,
2022-04-04,0.5,2022-05-04,0.9262,2022-07-27,,2022-12-14,
2022-04-05,0.5,2022-05-04,0.9288,2022-07-27,,2022-12-14,
2022-04-06,0.5,2022-05-04,0.9462,2022-07-27,,2022-12-14,
2022-04-07,0.5,2022-05-04,0.9438,2022-07-27,,2022-12-14,
2022-04-08,0.5,2022-05-04,0.945,2022-07-27,,2022-12-14,
2022-04-09,0.5,2022-05-04,0.95,2022-07-27,,2022-12-14,
2022-04-10,0.5,2022-05-04,0.9588,2022-07-27,,2022-12-14,
2022-04-11,0.5,2022-05-04,0.96,2022-07-27,,2022-12-14,
2022-04-12,0.5,2022-05-04,0.975,2022-07-27,,2022-12-14,
2022-04-13,0.5,2022-05-04,0.9762,2022-07-27,,2022-12-14,
2022-04-14,0.5,2022-05-04,0.98,2022-07-27,,2022-12-14,
2022-04-15,0.5,2022-05-04,0.98,2022-07-27,,2022-12-14,
2022-04-16,0.5,2022-05-04,0.9788,2022-07-27,,2022-12-14,
2022-04-17,0.5,2022-05-04,0.9775,2022-07-27,,2022-12-14,
2022-04-18,0.5,2022-05-04,0.98,2022-07-27,1.7088,2022-12-14,2.2994
2022-04-19,0.5,2022-05-04,0.9837,2022-07-27,1.7235,2022-12-14,2.3486
2022-04-20,0.5,2022-05-04,0.9812,2022-07-27,1.7771,2022-12-14,
2022-04-21,0.5,2022-05-04,0.9862,2022-07-27,,2022-12-14,
2022-04-22,0.5,2022-05-04,0.9875,2022-07-27,,2022-12-14,
2022-04-23,0.5,2022-05-04,0.99,2022-07-27,,2022-12-14,
2022-04-24,0.5,2022-05-04,0.99,2022-07-27,,2022-12-14,
2022-04-25,0.5,2022-05-04,0.9912,2022-07-27,,2022-12-14,
2022-04-26,0.5,2022-05-04,0.9888,2022-07-27,,2022-12-14,
2022-04-27,0.5,2022-05-04,0.99,2022-07-27,,2022-12-14,
2022-04-28,0.5,2022-05-04,0.9662,2022-07-27,,2022-12-14,
2022-04-29,0.5,2022-05-04,0.975,2022-07-27,,2022-12-14,
2022-04-30,0.5,2022-05-04,0.98,2022-07-27,,2022-12-14,
2022-05-01,0.5,2022-05-04,0.9825,2022-07-27,,2022-12-14,
2022-05-02,0.5,2022-05-04,0.9862,2022-07-27,,2022-12-14,
2022-05-03,0.5,2022-05-04,0.9962,2022-07-27,,2022-12-14,2.5388
2022-05-04,0.5,2022-05-04,1.0025,2022-07-27,,2022-12-14,2.5379
2022-05-05,1.0,2022-06-15,1.4925,2022-09-21,,2023-02-01,
2022-05-06,1.0,2022-06-15,1.495,2022-09-21,,2023-02-01,
2022-05-07,1.0,2022-06-15,1.4962,2022-09-21,,2023-02-01,
2022-05-08,1.0,2022-06-15,1.4988,2022-09-21,,2023-02-01,
2022-05-09,1.0,2022-06-15,1.4962,2022-09-21,,2023-02-01,
2022-05-10,1.0,2022-06-15,1.49,2022-09-21,,2023-02-01,
2022-05-11,1.0,2022-06-15,1.5013,2022-09-21,,2023-02-01,
2022-05-12,1.0,2022-06-15,1.5013,2022-09-21,,2023-02-01,
2022-05-13,1.0,2022-06-15,1.4975,2022-09-21,,2023-02-01,
2022-05-14,1.0,2022-06-15,1.4975,2022-09-21,,2023-02-01,
2022-05-15,1.0,2022-06-15,1.4975,2022-09-21,,2023-02-01,
2022-05-16,1.0,2022-06-15,1.4975,2022-09-21,,2023-02-01,
2022-05-17,1.0,2022-06-15,1.4975,2022-09-21,,2023-02-01,
2022-05-18,1.0,2022-06-15,1.4988,2022-09-21,,2023-02-01,
2022-05-19,1.0,2022-06-15,1.4988,2022-09-21,,2023-02-01,
2022-05-20,1.0,2022-06-15,1.4988,2022-09-21,,2023-02-01,
2022-05-21,1.0,2022-06-15,1.5,2022-09-21,,2023-02-01,
2022-05-22,1.0,2022-06-15,1.4962,2022-09-21,,2023-02-01,
2022-05-23,1.0,2022-06-15,1.4962,2022-09-21,,2023-02-01,
2022-05-24,1.0,2022-06-15,1.4962,2022-09-21,,2023-02-01,
2022-05-25,1.0,2022-06-15,1.4962,2022-09-21,,2023-02-01,
2022-05-26,1.0,2022-06-15,1.4975,2022-09-21,,2023-02-01,
2022-05-27,1.0,2022-06-15,1.4975,2022-09-21,,2023-02-01,
2022-05-28,1.0,2022-06-15,1.4975,2022-09-21,,2023-02-01,
2022-05-29,1.0,2022-06-15,1.4975,2022-09-21,,2023-02-01,
2022-05-30,1.0,2022-06-15,1.4975,2022-09-21,,2023-02-01,
2022-05-31,1.0,2022-06-15,1.4988,2022-09-21,,2023-02-01,
2022-06-01,1.0,2022-06-15,1.4962,2022-09-21,,2023-02-01,
2022-06-02,1.0,2022-06-15,1.5012,2022-09-21,,2023-02-01,
2022-06-03,1.0,2022-06-15,1.5025,2022-09-21,,2023-02-01,
2022-06-04,1.0,2022-06-15,1.4987,2022-09-21,,2023-02-01,
2022-06-05,1.0,2022-06-15,1.4987,2022-09-21,,2023-02-01,
2022-06-06,1.0,2022-06-15,1.5012,2022-09-21,,2023-02-01,
2022-06-07,1.0,2022-06-15,1.5,2022-09-21,,2023-02-01,
2022-06-08,1.0,2022-06-15,1.5,2022-09-21,,2023-02-01,
2022-06-09,1.0,2022-06-15,1.5038,2022-09-21,,2023-02-01,
2022-06-10,1.0,2022-06-15,1.5325,2022-09-21,,2023-02-01,
2022-06-11,1.0,2022-06-15,1.5363,2022-09-21,,2023-02-01,
2022-06-12,1.0,2022-06-15,1.5275,2022-09-21,,2023-02-01,
2022-06-13,1.0,2022-06-15,1.7112,2022-09-21,,2023-02-01,
2022-06-14,1.0,2022-06-15,1.7125,2022-09-21,2.8025,2023-02-01,
2022-06-15,1.0,2022-06-15,1.7312,2022-09-21,,2023-02-01,
2022-06-16,1.75,2022-07-27,2.442,2022-11-02,3.4371,2023-03-22,
2022-06-17,1.75,2022-07-27,2.443,2022-11-02,3.4471,2023-03-22,
2022-06-18,1.75,2022-07-27,2.4451,2022-11-02,3.4496,2023-03-22,
2022-06-19,1.75,2022-07-27,2.4405,2022-11-02,3.4433,2023-03-22,
2022-06-20,1.75,2022-07-27,2.4428,2022-11-02,3.4333,2023-03-22,
2022-06-21,1.75,2022-07-27,2.4528,2022-11-02,3.4308,2023-03-22,
2022-06-22,1.75,2022-07-27,2.4516,2022-11-02,3.4308,2023-03-22,
2022-06-23,1.75,2022-07-27,2.4441,2022-11-02,3.4046,2023-03-22,
2022-06-24,1.75,2022-07-27,2.4391,2022-11-02,3.3858,2023-03-22,
2022-06-25,1.75,2022-07-27,2.4416,2022-11-02,3.3846,2023-03-22,
2022-06-26,1.75,2022-07-27,2.444,2022-11-02,3.3758,2023-03-22,
2022-06-27,1.75,2022-07-27,2.4379,2022-11-02,3.3686,2023-03-22,
2022-06-28,1.75,2022-07-27,2.4391,2022-11-02,3.3686,2023-03-22,
2022-06-29,1.75,2022-07-27,2.4489,2022-11-02,3.3686,2023-03-22,
2022-06-30,1.75,2022-07-27,2.4401,2022-11-02,3.3612,2023-03-22,
2022-07-01,1.75,2022-07-27,2.4139,2022-11-02,3.2949,2023-03-22,
2022-07-02,1.75,2022-07-27,2.4177,2022-11-02,3.2887,2023-03-22,
2022-07-03,1.75,2022-07-27,2.4262,2022-11-02,3.2912,2023-03-22,
2022-07-04,1.75,2022-07-27,2.4162,2022-11-02,3.2912,2023-03-22,
2022-07-05,1.75,2022-07-27,2.4128,2022-11-02,3.2887,2023-03-22,
2022-07-06,1.75,2022-07-27,2.4303,2022-11-02,3.2724,2023-03-22,
2022-07-07,1.75,2022-07-27,2.4578,2022-11-02,3.2674,2023-03-22,
2022-07-08,1.75,2022-07-27,2.4708,2022-11-02,3.2974,2023-03-22,
2022-07-09,1.75,2022-07-27,2.4798,2022-11-02,3.3124,2023-03-22,
2022-07-10,1.75,2022-07-27,2.4792,2022-11-02,3.3212,2023-03-22,
2022-07-11,1.75,2022-07-27,2.4975,2022-11-02,3.3274,2023-03-22,
2022-07-12,1.75,2022-07-27,2.4925,2022-11-02,3.3089,2023-03-22,
2022-07-13,1.75,2022-07-27,2.6237,2022-11-02,3.5711,2023-03-22,
2022-07-14,1.75,2022-07-27,2.5488,2022-11-02,3.6062,2023-03-22,
2022-07-15,1.75,2022-07-27,2.52,2022-11-02,3.5244,2023-03-22,
2022-07-16,1.75,2022-07-27,2.5238,2022-11-02,3.5206,2023-03-22,
2022-07-17,1.75,2022-07-27,2.5064,2022-11-02,3.5206,2023-03-22,
2022-07-18,1.75,2022-07-27,2.5189,2022-11-02,3.5256,2023-03-22,
2022-07-19,1.75,2022-07-27,2.5188,2022-11-02,3.47,2023-03-22,
2022-07-20,1.75,2022-07-27,2.5162,2022-11-02,3.47,2023-03-22,
2022-07-21,1.75,2022-07-27,2.5138,2022-11-02,3.4812,2023-03-22,
2022-07-22,1.75,2022-07-27,2.5052,2022-11-02,3.3762,2023-03-22,
2022-07-23,1.75,2022-07-27,2.505,2022-11-02,3.3762,2023-03-22,
2022-07-24,1.75,2022-07-27,2.5088,2022-11-02,3.375,2023-03-22,
2022-07-25,1.75,2022-07-27,2.51,2022-11-02,3.3751,2023-03-22,
2022-07-26,1.75,2022-07-27,2.5088,2022-11-02,3.3776,2023-03-22,
2022-07-27,1.75,2022-07-27,2.5,2022-11-02,3.3636,2023-03-22,
2022-07-28,2.5,2022-09-21,3.0378,2022-12-14,3.4374,2023-05-03,
2022-07-29,2.5,2022-09-21,3.049,2022-12-14,3.4585,2023-05-03,
2022-07-30,2.5,2022-09-21,3.044,2022-12-14,3.4773,2023-05-03,
2022-07-31,2.5,2022-09-21,3.0453,2022-12-14,3.4835,2023-05-03,
2022-08-01,2.5,2022-09-21,3.0453,2022-12-14,3.4774,2023-05-03,
2022-08-02,2.5,2022-09-21,3.03,2022-12-14,3.4899,2023-05-03,
2022-08-03,2.5,2022-09-21,3.0475,2022-12-14,3.5175,2023-05-03,
2022-08-04,2.5,2022-09-21,3.0425,2022-12-14,3.5173,2023-05-03,
2022-08-05,2.5,2022-09-21,3.1175,2022-12-14,,2023-05-03,
2022-08-06,2.5,2022-09-21,3.1212,2022-12-14,,2023-05-03,
2022-08-07,2.5,2022-09-21,3.1288,2022-12-14,,2023-05-03,
2022-08-08,2.5,2022-09-21,3.1338,2022-12-14,,2023-05-03,
2022-08-09,2.5,2022-09-21,3.1453,2022-12-14,,2023-05-03,
2022-08-10,2.5,2022-09-21,3.0816,2022-12-14,3.5336,2023-05-03,
2022-08-11,2.5,2022-09-21,3.0741,2022-12-14,3.5735,2023-05-03,
2022-08-12,2.5,2022-09-21,3.0666,2022-12-14,3.5748,2023-05-03,
2022-08-13,2.5,2022-09-21,3.084,2022-12-14,3.6422,2023-05-03,
2022-08-14,2.5,2022-09-21,3.0855,2022-12-14,3.6371,2023-05-03,
2022-08-15,2.5,2022-09-21,3.0842,2022-12-14,3.6416,2023-05-03,
2022-08-16,2.5,2022-09-21,3.0805,2022-12-14,3.6372,2023-05-03,
2022-08-17,2.5,2022-09-21,3.0637,2022-12-14,3.6322,2023-05-03,
2022-08-18,2.5,2022-09-21,3.0837,2022-12-14,3.6249,2023-05-03,
2022-08-19,2.5,2022-09-21,3.0887,2022-12-14,3.6224,2023-05-03,
2022-08-20,2.5,2022-09-21,3.0862,2022-12-14,3.6224,2023-05-03,
2022-08-21,2.5,2022-09-21,3.0912,2022-12-14,3.6224,2023-05-03,
2022-08-22,2.5,2022-09-21,3.1087,2022-12-14,3.6808,2023-05-03,
2022-08-23,2.5,2022-09-21,3.0975,2022-12-14,3.6946,2023-05-03,
2022-08-24,2.5,2022-09-21,3.1125,2022-12-14,3.7208,2023-05-03,
2022-08-25,2.5,2022-09-21,3.1125,2022-12-14,3.7171,2023-05-03,
2022-08-26,2.5,2022-09-21,3.0975,2022-12-14,3.7321,2023-05-03,
2022-08-27,2.5,2022-09-21,3.1012,2022-12-14,3.7146,2023-05-03,
2022-08-28,2.5,2022-09-21,3.1037,2022-12-14,3.7061,2023-05-03,
2022-08-29,2.5,2022-09-21,3.13,2022-12-14,3.7608,2023-05-03,
2022-08-30,2.5,2022-09-21,3.1312,2022-12-14,3.7533,2023-05-03,
2022-08-31,2.5,2022-09-21,3.145,2022-12-14,3.7808,2023-05-03,
2022-09-01,2.5,2022-09-21,3.1613,2022-12-14,3.8408,2023-05-03,
2022-09-02,2.5,2022-09-21,3.1261,2022-12-14,3.8221,2023-05-03,
2022-09-03,2.5,2022-09-21,3.1323,2022-12-14,3.8321,2023-05-03,
2022-09-04,2.5,2022-09-21,3.1275,2022-12-14,3.8321,2023-05-03,
2022-09-05,2.5,2022-09-21,3.1338,2022-12-14,3.8321,2023-05-03,
2022-09-06,2.5,2022-09-21,3.1413,2022-12-14,3.8233,2023-05-03,
2022-09-07,2.5,2022-09-21,3.1712,2022-12-14,3.8488,2023-05-03,
2022-09-08,2.5,2022-09-21,3.1737,2022-12-14,3.8816,2023-05-03,
2022-09-09,2.5,2022-09-21,3.2,2022-12-14,3.9245,2023-05-03,
2022-09-10,2.5,2022-09-21,3.1938,2022-12-14,3.9232,2023-05-03,
2022-09-11,2.5,2022-09-21,3.1863,2022-12-14,3.9247,2023-05-03,
2022-09-12,2.5,2022-09-21,3.185,2022-12-14,3.9259,2023-05-03,
2022-09-13,2.5,2022-09-21,3.2662,2022-12-14,,2023-05-03,
2022-09-14,2.5,2022-09-21,3.2613,2022-12-14,,2023-05-03,
2022-09-15,2.5,2022-09-21,3.255,2022-12-14,,2023-05-03,
2022-09-16,2.5,2022-09-21,3.2575,2022-12-14,,2023-05-03,
2022-09-17,2.5,2022-09-21,3.255,2022-12-14,,2023-05-03,
2022-09-18,2.5,2022-09-21,3.2575,2022-12-14,,2023-05-03,
2022-09-19,2.5,2022-09-21,3.2588,2022-12-14,4.3031,2023-05-03,
2022-09-20,2.5,2022-09-21,3.2513,2022-12-14,4.2919,2023-05-03,
2022-09-21,2.5,2022-09-21,3.2588,2022-12-14,4.3741,2023-05-03,
2022-09-22,3.25,2022-11-02,3.9162,2023-02-01,4.71,2023-06-14,
2022-09-23,3.25,2022-11-02,3.9048,2023-02-01,4.765,2023-06-14,
2022-09-24,3.25,2022-11-02,3.9086,2023-02-01,4.7475,2023-06-14,
2022-09-25,3.25,2022-11-02,3.9086,2023-02-01,4.7538,2023-06-14,
2022-09-26,3.25,2022-11-02,3.9136,2023-02-01,4.7288,2023-06-14,
2022-09-27,3.25,2022-11-02,3.8936,2023-02-01,4.7262,2023-06-14,
2022-09-28,3.25,2022-11-02,3.9048,2023-02-01,4.7175,2023-06-14,
2022-09-29,3.25,2022-11-02,3.9148,2023-02-01,4.7137,2023-06-14,
2022-09-30,3.25,2022-11-02,3.9122,2023-02-01,4.6459,2023-06-14,
2022-10-01,3.25,2022-11-02,3.906,2023-02-01,4.6484,2023-06-14,
2022-10-02,3.25,2022-11-02,3.8997,2023-02-01,4.6603,2023-06-14,
2022-10-03,3.25,2022-11-02,3.8897,2023-02-01,4.6062,2023-06-14,
2022-10-04,3.25,2022-11-02,3.8822,2023-02-01,4.5635,2023-06-14,
2022-10-05,3.25,2022-11-02,3.8972,2023-02-01,4.5277,2023-06-14,
2022-10-06,3.25,2022-11-02,3.9022,2023-02-01,4.5008,2023-06-14,
2022-10-07,3.25,2022-11-02,3.9285,2023-02-01,4.7288,2023-06-14,
2022-10-08,3.25,2022-11-02,3.9435,2023-02-01,4.7325,2023-06-14,
2022-10-09,3.25,2022-11-02,3.9385,2023-02-01,4.7225,2023-06-14,
2022-10-10,3.25,2022-11-02,3.9372,2023-02-01,4.7175,2023-06-14,
2022-10-11,3.25,2022-11-02,3.9297,2023-02-01,4.7064,2023-06-14,
2022-10-12,3.25,2022-11-02,3.936,2023-02-01,4.745,2023-06-14,
2022-10-13,3.25,2022-11-02,3.9795,2023-02-01,,2023-06-14,
2022-10-14,3.25,2022-11-02,3.9782,2023-02-01,,2023-06-14,
2022-10-15,3.25,2022-11-02,3.982,2023-02-01,,2023-06-14,
2022-10-16,3.25,2022-11-02,3.9769,2023-02-01,,2023-06-14,
2022-10-17,3.25,2022-11-02,3.985,2023-02-01,,2023-06-14,
2022-10-18,3.25,2022-11-02,3.9875,2023-02-01,,2023-06-14,
2022-10-19,3.25,2022-11-02,3.9875,2023-02-01,,2023-06-14,
2022-10-20,3.25,2022-11-02,3.9875,2023-02-01,,2023-06-14,
2022-10-21,3.25,2022-11-02,3.9812,2023-02-01,,2023-06-14,
2022-10-22,3.25,2022-11-02,3.9812,2023-02-01,,2023-06-14,
2022-10-23,3.25,2022-11-02,3.9825,2023-02-01,,2023-06-14,
2022-10-24,3.25,2022-11-02,3.985,2023-02-01,,2023-06-14,
2022-10-25,3.25,2022-11-02,3.9825,2023-02-01,,2023-06-14,
2022-10-26,3.25,2022-11-02,3.9838,2023-02-01,,2023-06-14,
2022-10-27,3.25,2022-11-02,3.98,2023-02-01,4.83,2023-06-14,
2022-10-28,3.25,2022-11-02,3.9788,2023-02-01,4.9098,2023-06-14,
2022-10-29,3.25,2022-11-02,3.9788,2023-02-01,,2023-06-14,
2022-10-30,3.25,2022-11-02,3.9762,2023-02-01,,2023-06-14,
2022-10-31,3.25,2022-11-02,3.9762,2023-02-01,,2023-06-14,
2022-11-01,3.25,2022-11-02,3.98,2023-02-01,4.8898,2023-06-14,
2022-11-02,3.25,2022-11-02,3.9775,2023-02-01,,2023-06-14,
2022-11-03,4.0,2022-12-14,4.5862,2023-03-22,5.1905,2023-07-26,
2022-11-04,4.0,2022-12-14,4.5715,2023-03-22,5.2305,2023-07-26,
2022-11-05,4.0,2022-12-14,4.5775,2023-03-22,5.2316,2023-07-26,
2022-11-06,4.0,2022-12-14,4.5762,2023-03-22,5.2328,2023-07-26,
2022-11-07,4.0,2022-12-14,4.5838,2023-03-22,5.2286,2023-07-26,
2022-11-08,4.0,2022-12-14,4.5862,2023-03-22,5.2299,2023-07-26,
2022-11-09,4.0,2022-12-14,4.575,2023-03-22,5.2311,2023-07-26,
2022-11-10,4.0,2022-12-14,4.52,2023-03-22,5.0496,2023-07-26,
2022-11-11,4.0,2022-12-14,4.5275,2023-03-22,5.0252,2023-07-26,
2022-11-12,4.0,2022-12-14,4.5153,2023-03-22,5.0302,2023-07-26,
2022-11-13,4.0,2022-12-14,4.519,2023-03-22,5.0036,2023-07-26,
2022-11-14,4.0,2022-12-14,4.5904,2023-03-22,5.0173,2023-07-26,
2022-11-15,4.0,2022-12-14,4.5125,2023-03-22,5.0171,2023-07-26,
2022-11-16,4.0,2022-12-14,4.5138,2023-03-22,5.1076,2023-07-26,
2022-11-17,4.0,2022-12-14,4.5112,2023-03-22,5.1802,2023-07-26,
2022-11-18,4.0,2022-12-14,4.52,2023-03-22,5.1827,2023-07-26,
2022-11-19,4.0,2022-12-14,4.5138,2023-03-22,5.1777,2023-07-26,
2022-11-20,4.0,2022-12-14,4.5125,2023-03-22,5.1789,2023-07-26,
2022-11-21,4.0,2022-12-14,4.5125,2023-03-22,5.1626,2023-07-26,
2022-11-22,4.0,2022-12-14,4.5112,2023-03-22,5.1438,2023-07-26,5.0054
2022-11-23,4.0,2022-12-14,4.5162,2023-03-22,5.1612,2023-07-26,5.0467
2022-11-24,4.0,2022-12-14,4.5138,2023-03-22,5.14,2023-07-26,5.0467
2022-11-25,4.0,2022-12-14,4.5075,2023-03-22,5.0544,2023-07-26,5.0347
2022-11-26,4.0,2022-12-14,4.5075,2023-03-22,5.0544,2023-07-26,5.0347
2022-11-27,4.0,2022-12-14,4.5063,2023-03-22,5.0532,2023-07-26,5.0347
2022-11-28,4.0,2022-12-14,4.505,2023-03-22,5.0798,2023-07-26,5.0572
2022-11-29,4.0,2022-12-14,4.5088,2023-03-22,5.0987,2023-07-26,5.0572
2022-11-30,4.0,2022-12-14,4.4912,2023-03-22,5.0599,2023-07-26,5.0324
2022-12-01,4.0,2022-12-14,4.49,2023-03-22,5.0739,2023-07-26,5.0324
2022-12-02,4.0,2022-12-14,4.4988,2023-03-22,5.1161,2023-07-26,5.0477
2022-12-03,4.0,2022-12-14,4.4962,2023-03-22,5.1161,2023-07-26,5.0477
2022-12-04,4.0,2022-12-14,4.4938,2023-03-22,5.1311,2023-07-26,5.0522
2022-12-05,4.0,2022-12-14,4.4975,2023-03-22,5.161,2023-07-26,5.0938
2022-12-06,4.0,2022-12-14,4.4962,2023-03-22,5.1685,2023-07-26,5.095
2022-12-07,4.0,2022-12-14,4.4912,2023-03-22,5.1685,2023-07-26,5.1
2022-12-08,4.0,2022-12-14,4.49,2023-03-22,5.2012,2023-07-26,5.1
2022-12-09,4.0,2022-12-14,4.4925,2023-03-22,5.2024,2023-07-26,5.1
2022-12-10,4.0,2022-12-14,4.4896,2023-03-22,5.1994,2023-07-26,5.1353
2022-12-11,4.0,2022-12-14,4.4925,2023-03-22,5.2056,2023-07-26,5.1353
2022-12-12,4.0,2022-12-14,4.4938,2023-03-22,5.2156,2023-07-26,5.1353
2022-12-13,4.0,2022-12-14,4.4788,2023-03-22,5.0881,2023-07-26,5.0599
2022-12-14,4.0,2022-12-14,4.48,2023-03-22,5.1212,2023-07-26,
2022-12-15,4.5,2023-02-01,4.8237,2023-05-03,5.205,2023-09-20,5.1625
2022-12-16,4.5,2023-02-01,4.8188,2023-05-03,5.2137,2023-09-20,5.1625
2022-12-17,4.5,2023-02-01,4.8287,2023-05-03,5.2187,2023-09-20,5.1625
2022-12-18,4.5,2023-02-01,4.8287,2023-05-03,5.2187,2023-09-20,5.1625
2022-12-19,4.5,2023-02-01,4.85,2023-05-03,5.2212,2023-09-20,5.175
2022-12-20,4.5,2023-02-01,4.8588,2023-05-03,5.2094,2023-09-20,5.175
2022-12-21,4.5,2023-02-01,4.8525,2023-05-03,5.2082,2023-09-20,5.1725
2022-12-22,4.5,2023-02-01,4.8425,2023-05-03,5.2383,2023-09-20,5.1725
2022-12-23,4.5,2023-02-01,4.835,2023-05-03,5.185,2023-09-20,5.175
2022-12-24,4.5,2023-02-01,4.8325,2023-05-03,5.185,2023-09-20,5.175
2022-12-25,4.5,2023-02-01,4.8338,2023-05-03,5.2131,2023-09-20,
2022-12-26,4.5,2023-02-01,4.8338,2023-05-03,5.2644,2023-09-20,
2022-12-27,4.5,2023-02-01,4.8275,2023-05-03,5.2218,2023-09-20,5.19
2022-12-28,4.5,2023-02-01,4.8162,2023-05-03,5.2218,2023-09-20,5.19
2022-12-29,4.5,2023-02-01,4.809,2023-05-03,5.1738,2023-09-20,5.19
2022-12-30,4.5,2023-02-01,4.8078,2023-05-03,5.1687,2023-09-20,5.19
2022-12-31,4.5,2023-02-01,4.8065,2023-05-03,5.1687,2023-09-20,5.19
2023-01-01,4.5,2023-02-01,4.8053,2023-05-03,5.1637,2023-09-20,5.19
2023-01-02,4.5,2023-02-01,4.81,2023-05-03,5.1687,2023-09-20,5.19
2023-01-03,4.5,2023-02-01,4.8138,2023-05-03,5.1737,2023-09-20,5.1374
2023-01-04,4.5,2023-02-01,4.8262,2023-05-03,5.1737,2023-09-20,5.08
2023-01-05,4.5,2023-02-01,4.8625,2023-05-03,5.2251,2023-09-20,5.1462
2023-01-06,4.5,2023-02-01,4.8188,2023-05-03,5.1721,2023-09-20,
2023-01-07,4.5,2023-02-01,4.8112,2023-05-03,5.1662,2023-09-20,
2023-01-08,4.5,2023-02-01,4.8112,2023-05-03,5.1687,2023-09-20,
2023-01-09,4.5,2023-02-01,4.8025,2023-05-03,5.1762,2023-09-20,
2023-01-10,4.5,2023-02-01,4.7975,2023-05-03,5.1762,2023-09-20,
2023-01-11,4.5,2023-02-01,4.7988,2023-05-03,5.1775,2023-09-20,
2023-01-12,4.5,2023-02-01,4.7625,2023-05-03,5.1087,2023-09-20,
2023-01-13,4.5,2023-02-01,4.755,2023-05-03,5.1163,2023-09-20,
2023-01-14,4.5,2023-02-01,4.755,2023-05-03,5.1149,2023-09-20,
2023-01-15,4.5,2023-02-01,4.755,2023-05-03,5.1149,2023-09-20,
2023-01-16,4.5,2023-02-01,4.7562,2023-05-03,5.1075,2023-09-20,
2023-01-17,4.5,2023-02-01,4.755,2023-05-03,5.1138,2023-09-20,
2023-01-18,4.5,2023-02-01,4.7625,2023-05-03,5.1075,2023-09-20,
2023-01-19,4.5,2023-02-01,4.755,2023-05-03,5.1125,2023-09-20,
2023-01-20,4.5,2023-02-01,4.7462,2023-05-03,5.1175,2023-09-20,
2023-01-21,4.5,2023-02-01,4.7462,2023-05-03,5.1175,2023-09-20,
2023-01-22,4.5,2023-02-01,4.7462,2023-05-03,5.1162,2023-09-20,4.9779
2023-01-23,4.5,2023-02-01,4.7438,2023-05-03,5.115,2023-09-20,4.9779
2023-01-24,4.5,2023-02-01,4.7462,2023-05-03,5.1112,2023-09-20,4.9779
2023-01-25,4.5,2023-02-01,4.7438,2023-05-03,5.1014,2023-09-20,4.9904
2023-01-26,4.5,2023-02-01,4.745,2023-05-03,5.1026,2023-09-20,4.9867
2023-01-27,4.5,2023-02-01,4.7437,2023-05-03,5.1062,2023-09-20,5.006
2023-01-28,4.5,2023-02-01,4.7437,2023-05-03,5.1062,2023-09-20,5.0904
2023-01-29,4.5,2023-02-01,4.7437,2023-05-03,5.1025,2023-09-20,5.0904
2023-01-30,4.5,2023-02-01,4.7425,2023-05-03,5.1062,2023-09-20,5.0867
2023-01-31,4.5,2023-02-01,4.7425,2023-05-03,5.1,2023-09-20,5.0867
2023-02-01,4.5,2023-02-01,4.745,2023-05-03,5.1237,2023-09-20,5.0679
2023-02-02,4.75,2023-03-22,4.9938,2023-06-14,5.1704,2023-11-01,4.9988
2023-02-03,4.75,2023-03-22,5.0012,2023-06-14,5.2032,2023-11-01,4.9875
2023-02-04,4.75,2023-03-22,5.0025,2023-06-14,5.1945,2023-11-01,4.9875
2023-02-05,4.75,2023-03-22,5.0,2023-06-14,5.1932,2023-11-01,4.9875
2023-02-06,4.75,2023-03-22,5.0037,2023-06-14,5.2007,2023-11-01,4.9875
2023-02-07,4.75,2023-03-22,5.0037,2023-06-14,5.2007,2023-11-01,5.0285
2023-02-08,4.75,2023-03-22,5.0037,2023-06-14,5.2465,2023-11-01,5.0658
2023-02-09,4.75,2023-03-22,5.005,2023-06-14,5.303,2023-11-01,
2023-02-10,4.75,2023-03-22,5.0087,2023-06-14,5.298,2023-11-01,
2023-02-11,4.75,2023-03-22,5.0087,2023-06-14,5.2918,2023-11-01,
2023-02-12,4.75,2023-03-22,5.0087,2023-06-14,5.2918,2023-11-01,
2023-02-13,4.75,2023-03-22,5.0075,2023-06-14,5.2918,2023-11-01,
2023-02-14,4.75,2023-03-22,5.0175,2023-06-14,5.3888,2023-11-01,5.21
2023-02-15,4.75,2023-03-22,5.0175,2023-06-14,5.3882,2023-11-01,
2023-02-16,4.75,2023-03-22,5.03,2023-06-14,5.4357,2023-11-01,
2023-02-17,4.75,2023-03-22,5.0287,2023-06-14,5.3819,2023-11-01,
2023-02-18,4.75,2023-03-22,5.0275,2023-06-14,5.3819,2023-11-01,
2023-02-19,4.75,2023-03-22,5.0275,2023-06-14,5.3831,2023-11-01,
2023-02-20,4.75,2023-03-22,5.03,2023-06-14,5.3844,2023-11-01,
2023-02-21,4.75,2023-03-22,5.0325,2023-06-14,5.3844,2023-11-01,
2023-02-22,4.75,2023-03-22,5.0338,2023-06-14,5.4537,2023-11-01,
2023-02-23,4.75,2023-03-22,5.0362,2023-06-14,5.3906,2023-11-01,
2023-02-24,4.75,2023-03-22,5.055,2023-06-14,5.4825,2023-11-01,
2023-02-25,4.75,2023-03-22,5.0513,2023-06-14,5.4787,2023-11-01,
2023-02-26,4.75,2023-03-22,5.0513,2023-06-14,5.4775,2023-11-01,
2023-02-27,4.75,2023-03-22,5.0475,2023-06-14,5.475,2023-11-01,5.5854
2023-02-28,4.75,2023-03-22,5.0362,2023-06-14,5.4725,2023-11-01,5.6112
2023-03-01,4.75,2023-03-22,5.0612,2023-06-14,5.4738,2023-11-01,5.5913
2023-03-02,4.75,2023-03-22,5.0512,2023-06-14,5.4762,2023-11-01,5.5913
2023-03-03,4.75,2023-03-22,5.0488,2023-06-14,5.4738,2023-11-01,5.6025
2023-03-04,4.75,2023-03-22,5.0488,2023-06-14,5.4738,2023-11-01,5.6025
2023-03-05,4.75,2023-03-22,5.0488,2023-06-14,5.4738,2023-11-01,5.6025
2023-03-06,4.75,2023-03-22,5.0438,2023-06-14,5.4788,2023-11-01,5.605
2023-03-07,4.75,2023-03-22,5.1223,2023-06-14,5.61,2023-11-01,5.6604
2023-03-08,4.75,2023-03-22,5.1325,2023-06-14,5.65,2023-11-01,5.635
2023-03-09,4.75,2023-03-22,5.1225,2023-06-14,5.6187,2023-11-01,5.6194
2023-03-10,4.75,2023-03-22,5.0675,2023-06-14,5.4743,2023-11-01,
2023-03-11,4.75,2023-03-22,5.0538,2023-06-14,5.4427,2023-11-01,
2023-03-12,4.75,2023-03-22,5.0538,2023-06-14,5.4427,2023-11-01,
2023-03-13,4.75,2023-03-22,4.9473,2023-06-14,,2023-11-01,4.8266
2023-03-14,4.75,2023-03-22,4.975,2023-06-14,5.2422,2023-11-01,4.9089
2023-03-15,4.75,2023-03-22,4.9288,2023-06-14,5.0775,2023-11-01,
2023-03-16,4.75,2023-03-22,4.97,2023-06-14,5.1908,2023-11-01,4.8529
2023-03-17,4.75,2023-03-22,4.9513,2023-06-14,5.191,2023-11-01,5.0558
2023-03-18,4.75,2023-03-22,4.9575,2023-06-14,5.201,2023-11-01,5.0558
2023-03-19,4.75,2023-03-22,4.9338,2023-06-14,5.196,2023-11-01,5.0558
2023-03-20,4.75,2023-03-22,4.9325,2023-06-14,5.194,2023-11-01,5.0546
2023-03-21,4.75,2023-03-22,4.9638,2023-06-14,5.1743,2023-11-01,4.9338
2023-03-22,4.75,2023-03-22,4.965,2023-06-14,5.1834,2023-11-01,4.9455
2023-03-23,5.0,2023-05-03,5.0925,2023-07-26,5.0245,2023-12-13,4.8287
2023-03-24,5.0,2023-05-03,5.0725,2023-07-26,4.9975,2023-12-13,4.7895
2023-03-25,5.0,2023-05-03,5.0763,2023-07-26,5.0,2023-12-13,4.7782
2023-03-26,5.0,2023-05-03,5.0775,2023-07-26,4.99,2023-12-13,4.8186
2023-03-27,5.0,2023-05-03,5.12,2023-07-26,5.1075,2023-12-13,4.9984
2023-03-28,5.0,2023-05-03,5.1225,2023-07-26,5.15,2023-12-13,5.0127
2023-03-29,5.0,2023-05-03,5.14,2023-07-26,5.1912,2023-12-13,5.0792
2023-03-30,5.0,2023-05-03,5.1538,2023-07-26,5.208,2023-12-13,5.1086
2023-03-31,5.0,2023-05-03,5.1425,2023-07-26,5.215,2023-12-13,5.0984
2023-04-01,5.0,2023-05-03,5.1438,2023-07-26,5.1987,2023-12-13,5.094
2023-04-02,5.0,2023-05-03,5.1462,2023-07-26,5.1987,2023-12-13,5.1078
2023-04-03,5.0,2023-05-03,5.1538,2023-07-26,5.2012,2023-12-13,5.0813
2023-04-04,5.0,2023-05-03,5.1363,2023-07-26,5.1975,2023-12-13,4.9797
2023-04-05,5.0,2023-05-03,5.1188,2023-07-26,5.1625,2023-12-13,4.9549
2023-04-06,5.0,2023-05-03,5.125,2023-07-26,5.1412,2023-12-13,4.9688
2023-04-07,5.0,2023-05-03,5.17,2023-07-26,5.2275,2023-12-13,5.0705
2023-04-08,5.0,2023-05-03,5.1663,2023-07-26,5.2275,2023-12-13,5.0668
2023-04-09,5.0,2023-05-03,5.1663,2023-07-26,5.2262,2023-12-13,5.0693
2023-04-10,5.0,2023-05-03,5.17,2023-07-26,5.23,2023-12-13,5.0936
2023-04-11,5.0,2023-05-03,5.1775,2023-07-26,5.2875,2023-12-13,5.1005
2023-04-12,5.0,2023-05-03,5.1925,2023-07-26,5.2437,2023-12-13,5.048
2023-04-13,5.0,2023-05-03,5.1763,2023-07-26,5.2412,2023-12-13,5.0286
2023-04-14,5.0,2023-05-03,5.2102,2023-07-26,5.3075,2023-12-13,5.1055
2023-04-15,5.0,2023-05-03,5.2127,2023-07-26,5.3075,2023-12-13,5.1055
2023-04-16,5.0,2023-05-03,5.2188,2023-07-26,5.315,2023-12-13,5.1093
2023-04-17,5.0,2023-05-03,5.225,2023-07-26,5.3212,2023-12-13,5.1465
2023-04-18,5.0,2023-05-03,5.2275,2023-07-26,5.3212,2023-12-13,5.1465
2023-04-19,5.0,2023-05-03,5.23,2023-07-26,5.3225,2023-12-13,5.1556
2023-04-20,5.0,2023-05-03,5.2262,2023-07-26,5.3175,2023-12-13,5.1546
2023-04-21,5.0,2023-05-03,5.2312,2023-07-26,5.3125,2023-12-13,5.151
2023-04-22,5.0,2023-05-03,5.2338,2023-07-26,5.3088,2023-12-13,5.151
2023-04-23,5.0,2023-05-03,5.2312,2023-07-26,5.3026,2023-12-13,5.1398
2023-04-24,5.0,2023-05-03,5.2262,2023-07-26,5.3001,2023-12-13,5.1531
2023-04-25,5.0,2023-05-03,5.2213,2023-07-26,5.2588,2023-12-13,5.1194
2023-04-26,5.0,2023-05-03,5.2175,2023-07-26,5.2526,2023-12-13,5.1219
2023-04-27,5.0,2023-05-03,5.2312,2023-07-26,5.2968,2023-12-13,5.148
2023-04-28,5.0,2023-05-03,5.2325,2023-07-26,5.308,2023-12-13,5.148
2023-04-29,5.0,2023-05-03,5.2312,2023-07-26,5.3068,2023-12-13,5.148
2023-04-30,5.0,2023-05-03,5.2312,2023-07-26,5.3055,2023-12-13,5.1459
2023-05-01,5.0,2023-05-03,5.2412,2023-07-26,5.3168,2023-12-13,5.1434
2023-05-02,5.0,2023-05-03,5.2338,2023-07-26,5.2705,2023-12-13,5.1331
2023-05-03,5.0,2023-05-03,5.2325,2023-07-26,5.2612,2023-12-13,5.0923
2023-05-04,5.25,2023-06-14,5.26,2023-09-20,5.2182,2024-01-31,
2023-05-05,5.25,2023-06-14,5.2712,2023-09-20,5.2677,2024-01-31,
2023-05-06,5.25,2023-06-14,5.2712,2023-09-20,5.2602,2024-01-31,
2023-05-07,5.25,2023-06-14,5.2712,2023-09-20,5.2527,2024-01-31,
2023-05-08,5.25,2023-06-14,5.275,2023-09-20,5.2614,2024-01-31,
2023-05-09,5.25,2023-06-14,5.2925,2023-09-20,5.2614,2024-01-31,
2023-05-10,5.25,2023-06-14,5.2738,2023-09-20,5.2327,2024-01-31,
2023-05-11,5.25,2023-06-14,5.2613,2023-09-20,5.2227,2024-01-31,
2023-05-12,5.25,2023-06-14,5.2812,2023-09-20,5.2252,2024-01-31,
2023-05-13,5.25,2023-06-14,5.2825,2023-09-20,5.2252,2024-01-31,
2023-05-14,5.25,2023-06-14,5.2775,2023-09-20,5.2264,2024-01-31,
2023-05-15,5.25,2023-06-14,5.2788,2023-09-20,5.2377,2024-01-31,
2023-05-16,5.25,2023-06-14,5.2788,2023-09-20,5.2439,2024-01-31,
2023-05-17,5.25,2023-06-14,5.2838,2023-09-20,5.2402,2024-01-31,
2023-05-18,5.25,2023-06-14,5.3238,2023-09-20,5.2877,2024-01-31,
2023-05-19,5.25,2023-06-14,5.2925,2023-09-20,5.2864,2024-01-31,
2023-05-20,5.25,2023-06-14,5.2975,2023-09-20,5.2864,2024-01-31,
2023-05-21,5.25,2023-06-14,5.2914,2023-09-20,5.2977,2024-01-31,
2023-05-22,5.25,2023-06-14,5.29,2023-09-20,5.2989,2024-01-31,
2023-05-23,5.25,2023-06-14,5.2975,2023-09-20,5.3077,2024-01-31,
2023-05-24,5.25,2023-06-14,5.3025,2023-09-20,5.3852,2024-01-31,
2023-05-25,5.25,2023-06-14,5.345,2023-09-20,5.4077,2024-01-31,
2023-05-26,5.25,2023-06-14,5.3875,2023-09-20,5.4727,2024-01-31,
2023-05-27,5.25,2023-06-14,5.39,2023-09-20,5.4834,2024-01-31,
2023-05-28,5.25,2023-06-14,5.39,2023-09-20,5.4909,2024-01-31,
2023-05-29,5.25,2023-06-14,5.39,2023-09-20,5.4947,2024-01-31,
2023-05-30,5.25,2023-06-14,5.3988,2023-09-20,5.5001,2024-01-31,
2023-05-31,5.25,2023-06-14,5.3175,2023-09-20,5.4127,2024-01-31,
2023-06-01,5.25,2023-06-14,5.3162,2023-09-20,5.4162,2024-01-31,
2023-06-02,5.25,2023-06-14,5.3013,2023-09-20,5.464,2024-01-31,
2023-06-03,5.25,2023-06-14,5.2962,2023-09-20,5.4552,2024-01-31,
2023-06-04,5.25,2023-06-14,5.2962,2023-09-20,5.4552,2024-01-31,
2023-06-05,5.25,2023-06-14,5.2913,2023-09-20,5.4177,2024-01-31,
2023-06-06,5.25,2023-06-14,5.2862,2023-09-20,5.4353,2024-01-31,
2023-06-07,5.25,2023-06-14,5.2938,2023-09-20,5.434,2024-01-31,
2023-06-08,5.25,2023-06-14,5.2938,2023-09-20,5.4327,2024-01-31,
2023-06-09,5.25,2023-06-14,5.2988,2023-09-20,5.434,2024-01-31,
2023-06-10,5.25,2023-06-14,5.2962,2023-09-20,5.4374,2024-01-31,
2023-06-11,5.25,2023-06-14,5.2988,2023-09-20,5.4386,2024-01-31,
2023-06-12,5.25,2023-06-14,5.2938,2023-09-20,5.4549,2024-01-31,
2023-06-13,5.25,2023-06-14,5.2562,2023-09-20,5.4877,2024-01-31,
2023-06-14,5.25,2023-06-14,5.2538,2023-09-20,5.4914,2024-01-31,
2023-06-15,5.25,2023-07-26,5.42,2023-11-01,5.54,2024-03-20,
2023-06-16,5.25,2023-07-26,5.4288,2023-11-01,5.5575,2024-03-20,
2023-06-17,5.25,2023-07-26,5.4312,2023-11-01,5.5538,2024-03-20,
2023-06-18,5.25,2023-07-26,5.4288,2023-11-01,5.5538,2024-03-20,
2023-06-19,5.25,2023-07-26,5.4263,2023-11-01,5.5588,2024-03-20,
2023-06-20,5.25,2023-07-26,5.4275,2023-11-01,5.57,2024-03-20,
2023-06-21,5.25,2023-07-26,5.435,2023-11-01,5.5812,2024-03-20,
2023-06-22,5.25,2023-07-26,5.4325,2023-11-01,5.605,2024-03-20,
2023-06-23,5.25,2023-07-26,5.4325,2023-11-01,5.605,2024-03-20,
2023-06-24,5.25,2023-07-26,5.4325,2023-11-01,5.6088,2024-03-20,
2023-06-25,5.25,2023-07-26,5.4325,2023-11-01,5.6127,2024-03-20,
2023-06-26,5.25,2023-07-26,5.4338,2023-11-01,5.6126,2024-03-20,
2023-06-27,5.25,2023-07-26,5.4338,2023-11-01,5.6051,2024-03-20,
2023-06-28,5.25,2023-07-26,5.4412,2023-11-01,5.5952,2024-03-20,
2023-06-29,5.25,2023-07-26,5.4475,2023-11-01,5.6014,2024-03-20,
2023-06-30,5.25,2023-07-26,5.4512,2023-11-01,5.5814,2024-03-20,
2023-07-01,5.25,2023-07-26,5.4475,2023-11-01,5.5752,2024-03-20,
2023-07-02,5.25,2023-07-26,5.45,2023-11-01,5.5862,2024-03-20,
2023-07-03,5.25,2023-07-26,5.45,2023-11-01,5.6,2024-03-20,
2023-07-04,5.25,2023-07-26,5.45,2023-11-01,5.601,2024-03-20,
2023-07-05,5.25,2023-07-26,5.4612,2023-11-01,5.6187,2024-03-20,
2023-07-06,5.25,2023-07-26,5.4738,2023-11-01,5.6239,2024-03-20,
2023-07-07,5.25,2023-07-26,5.4762,2023-11-01,5.6123,2024-03-20,
2023-07-08,5.25,2023-07-26,5.4762,2023-11-01,5.6237,2024-03-20,
2023-07-09,5.25,2023-07-26,5.4762,2023-11-01,5.6237,2024-03-20,
2023-07-10,5.25,2023-07-26,5.4788,2023-11-01,5.6537,2024-03-20,
2023-07-11,5.25,2023-07-26,5.4762,2023-11-01,5.6462,2024-03-20,
2023-07-12,5.25,2023-07-26,5.4812,2023-11-01,5.6062,2024-03-20,
2023-07-13,5.25,2023-07-26,5.4838,2023-11-01,5.5937,2024-03-20,
2023-07-14,5.25,2023-07-26,5.4862,2023-11-01,5.5868,2024-03-20,
2023-07-15,5.25,2023-07-26,5.4862,2023-11-01,5.588,2024-03-20,
2023-07-16,5.25,2023-07-26,5.4862,2023-11-01,5.573,2024-03-20,
2023-07-17,5.25,2023-07-26,5.4862,2023-11-01,5.5518,2024-03-20,
2023-07-18,5.25,2023-07-26,5.4862,2023-11-01,5.5518,2024-03-20,
2023-07-19,5.25,2023-07-26,5.4862,2023-11-01,5.5468,2024-03-20,
2023-07-20,5.25,2023-07-26,5.4888,2023-11-01,5.5587,2024-03-20,
2023-07-21,5.25,2023-07-26,5.4888,2023-11-01,5.559,2024-03-20,
2023-07-22,5.25,2023-07-26,5.4912,2023-11-01,5.5553,2024-03-20,
2023-07-23,5.25,2023-07-26,5.4912,2023-11-01,5.5578,2024-03-20,
2023-07-24,5.25,2023-07-26,5.4938,2023-11-01,5.5603,2024-03-20,
2023-07-25,5.25,2023-07-26,5.4925,2023-11-01,5.595,2024-03-20,
2023-07-26,5.25,2023-07-26,5.4925,2023-11-01,5.6217,2024-03-20,5.5325
2023-07-27,5.5,2023-09-20,5.5612,2023-12-13,5.6097,2024-05-01,
2023-07-28,5.5,2023-09-20,5.5562,2023-12-13,5.6049,2024-05-01,5.3838
2023-07-29,5.5,2023-09-20,5.5562,2023-12-13,5.6035,2024-05-01,5.3838
2023-07-30,5.5,2023-09-20,5.5538,2023-12-13,5.6062,2024-05-01,5.3838
2023-07-31,5.5,2023-09-20,5.5475,2023-12-13,5.6043,2024-05-01,5.3775
2023-08-01,5.5,2023-09-20,5.5462,2023-12-13,5.6075,2024-05-01,
2023-08-02,5.5,2023-09-20,5.5438,2023-12-13,5.61,2024-05-01,
2023-08-03,5.5,2023-09-20,5.5475,2023-12-13,5.6212,2024-05-01,
2023-08-04,5.5,2023-09-20,5.5388,2023-12-13,5.605,2024-05-01,
2023-08-05,5.5,2023-09-20,5.5388,2023-12-13,5.6212,2024-05-01,
2023-08-06,5.5,2023-09-20,5.54,2023-12-13,5.6188,2024-05-01,
2023-08-07,5.5,2023-09-20,5.5412,2023-12-13,5.6188,2024-05-01,
2023-08-08,5.5,2023-09-20,5.55,2023-12-13,5.6162,2024-05-01,
2023-08-09,5.5,2023-09-20,5.5488,2023-12-13,5.6162,2024-05-01,
2023-08-10,5.5,2023-09-20,5.535,2023-12-13,5.5912,2024-05-01,5.3738
2023-08-11,5.5,2023-09-20,5.5337,2023-12-13,5.6125,2024-05-01,
2023-08-12,5.5,2023-09-20,5.5337,2023-12-13,5.615,2024-05-01,
2023-08-13,5.5,2023-09-20,5.5325,2023-12-13,5.615,2024-05-01,
2023-08-14,5.5,2023-09-20,5.5288,2023-12-13,5.615,2024-05-01,
2023-08-15,5.5,2023-09-20,5.5212,2023-12-13,5.61,2024-05-01,
2023-08-16,5.5,2023-09-20,5.5238,2023-12-13,5.6265,2024-05-01,
2023-08-17,5.5,2023-09-20,5.525,2023-12-13,5.6202,2024-05-01,
2023-08-18,5.5,2023-09-20,5.52,2023-12-13,5.619,2024-05-01,
2023-08-19,5.5,2023-09-20,5.5188,2023-12-13,5.619,2024-05-01,
2023-08-20,5.5,2023-09-20,5.5188,2023-12-13,5.619,2024-05-01,
2023-08-21,5.5,2023-09-20,5.5188,2023-12-13,5.619,2024-05-01,
2023-08-22,5.5,2023-09-20,5.5175,2023-12-13,5.619,2024-05-01,
2023-08-23,5.5,2023-09-20,5.5188,2023-12-13,5.6152,2024-05-01,
2023-08-24,5.5,2023-09-20,5.5175,2023-12-13,5.6101,2024-05-01,
2023-08-25,5.5,2023-09-20,5.52,2023-12-13,5.6365,2024-05-01,
2023-08-26,5.5,2023-09-20,5.5175,2023-12-13,5.6313,2024-05-01,
2023-08-27,5.5,2023-09-20,5.5212,2023-12-13,5.6313,2024-05-01,
2023-08-28,5.5,2023-09-20,5.525,2023-12-13,5.635,2024-05-01,
2023-08-29,5.5,2023-09-20,5.5162,2023-12-13,5.6288,2024-05-01,
2023-08-30,5.5,2023-09-20,5.5125,2023-12-13,5.6225,2024-05-01,
2023-08-31,5.5,2023-09-20,5.5122,2023-12-13,5.6238,2024-05-01,
2023-09-01,5.5,2023-09-20,5.5047,2023-12-13,5.5863,2024-05-01,
2023-09-02,5.5,2023-09-20,5.5047,2023-12-13,5.585,2024-05-01,
2023-09-03,5.5,2023-09-20,5.5047,2023-12-13,5.5865,2024-05-01,
2023-09-04,5.5,2023-09-20,5.4988,2023-12-13,5.5865,2024-05-01,
2023-09-05,5.5,2023-09-20,5.4988,2023-12-13,5.584,2024-05-01,
2023-09-06,5.5,2023-09-20,5.5012,2023-12-13,5.5815,2024-05-01,
2023-09-07,5.5,2023-09-20,5.5012,2023-12-13,5.601,2024-05-01,
2023-09-08,5.5,2023-09-20,5.4988,2023-12-13,5.5972,2024-05-01,
2023-09-09,5.5,2023-09-20,5.5012,2023-12-13,5.616,2024-05-01,
2023-09-10,5.5,2023-09-20,5.4988,2023-12-13,5.616,2024-05-01,
2023-09-11,5.5,2023-09-20,5.4988,2023-12-13,5.6122,2024-05-01,
2023-09-12,5.5,2023-09-20,5.5038,2023-12-13,5.6085,2024-05-01,
2023-09-13,5.5,2023-09-20,5.4988,2023-12-13,5.616,2024-05-01,
2023-09-14,5.5,2023-09-20,5.4988,2023-12-13,5.6272,2024-05-01,
2023-09-15,5.5,2023-09-20,5.4988,2023-12-13,5.621,2024-05-01,
2023-09-16,5.5,2023-09-20,5.4988,2023-12-13,5.621,2024-05-01,
2023-09-17,5.5,2023-09-20,5.4988,2023-12-13,5.6197,2024-05-01,
2023-09-18,5.5,2023-09-20,5.4962,2023-12-13,5.6176,2024-05-01,
2023-09-19,5.5,2023-09-20,5.4962,2023-12-13,5.6151,2024-05-01,
2023-09-20,5.5,2023-09-20,5.4975,2023-12-13,5.6206,2024-05-01,
2023-09-21,5.5,2023-11-01,5.5727,2024-01-31,5.6288,2024-06-12,
2023-09-22,5.5,2023-11-01,5.5627,2024-01-31,5.625,2024-06-12,
2023-09-23,5.5,2023-11-01,5.5602,2024-01-31,5.6375,2024-06-12,
2023-09-24,5.5,2023-11-01,5.549,2024-01-31,5.635,2024-06-12,
2023-09-25,5.5,2023-11-01,5.5452,2024-01-31,5.6312,2024-06-12,
2023-09-26,5.5,2023-11-01,5.5452,2024-01-31,5.6287,2024-06-12,
2023-09-27,5.5,2023-11-01,5.5488,2024-01-31,5.6175,2024-06-12,
2023-09-28,5.5,2023-11-01,5.5375,2024-01-31,5.6188,2024-06-12,
2023-09-29,5.5,2023-11-01,5.5329,2024-01-31,5.6162,2024-06-12,
2023-09-30,5.5,2023-11-01,5.5314,2024-01-31,5.615,2024-06-12,
2023-10-01,5.5,2023-11-01,5.5513,2024-01-31,5.6162,2024-06-12,
2023-10-02,5.5,2023-11-01,5.5525,2024-01-31,5.6238,2024-06-12,
2023-10-03,5.5,2023-11-01,5.5625,2024-01-31,5.6037,2024-06-12,
2023-10-04,5.5,2023-11-01,5.5513,2024-01-31,5.5962,2024-06-12,
2023-10-05,5.5,2023-11-01,5.5438,2024-01-31,5.6012,2024-06-12,
2023-10-06,5.5,2023-11-01,5.56,2024-01-31,5.6175,2024-06-12,
2023-10-07,5.5,2023-11-01,5.5525,2024-01-31,5.6187,2024-06-12,
2023-10-08,5.5,2023-11-01,5.545,2024-01-31,5.6187,2024-06-12,
2023-10-09,5.5,2023-11-01,5.52,2024-01-31,5.5875,2024-06-12,
2023-10-10,5.5,2023-11-01,5.5188,2024-01-31,5.5712,2024-06-12,
2023-10-11,5.5,2023-11-01,5.5125,2024-01-31,5.5737,2024-06-12,
2023-10-12,5.5,2023-11-01,5.5088,2024-01-31,5.585,2024-06-12,
2023-10-13,5.5,2023-11-01,5.5037,2024-01-31,5.5712,2024-06-12,
2023-10-14,5.5,2023-11-01,5.5013,2024-01-31,5.57,2024-06-12,
2023-10-15,5.5,2023-11-01,5.5013,2024-01-31,5.57,2024-06-12,
2023-10-16,5.5,2023-11-01,5.5038,2024-01-31,5.57,2024-06-12,
2023-10-17,5.5,2023-11-01,5.5112,2024-01-31,5.5988,2024-06-12,
2023-10-18,5.5,2023-11-01,5.5038,2024-01-31,5.6,2024-06-12,
2023-10-19,5.5,2023-11-01,5.4975,2024-01-31,5.5762,2024-06-12,
2023-10-20,5.5,2023-11-01,5.4962,2024-01-31,5.5712,2024-06-12,
2023-10-21,5.5,2023-11-01,5.4962,2024-01-31,5.575,2024-06-12,
2023-10-22,5.5,2023-11-01,5.4962,2024-01-31,5.5737,2024-06-12,
2023-10-23,5.5,2023-11-01,5.4962,2024-01-31,5.5725,2024-06-12,
2023-10-24,5.5,2023-11-01,5.4962,2024-01-31,5.5725,2024-06-12,
2023-10-25,5.5,2023-11-01,5.4962,2024-01-31,5.5787,2024-06-12,
2023-10-26,5.5,2023-11-01,5.4962,2024-01-31,5.5775,2024-06-12,
2023-10-27,5.5,2023-11-01,5.4962,2024-01-31,5.5737,2024-06-12,
2023-10-28,5.5,2023-11-01,5.4962,2024-01-31,5.5725,2024-06-12,
2023-10-29,5.5,2023-11-01,5.4962,2024-01-31,5.5725,2024-06-12,
2023-10-30,5.5,2023-11-01,5.4962,2024-01-31,5.5688,2024-06-12,
2023-10-31,5.5,2023-11-01,5.4962,2024-01-31,5.5737,2024-06-12,
2023-11-01,5.5,2023-11-01,5.4938,2024-01-31,5.5612,2024-06-12,
2023-11-02,5.5,2023-12-13,5.5325,2024-03-20,5.5019,2024-07-31,
2023-11-03,5.5,2023-12-13,5.5125,2024-03-20,5.4725,2024-07-31,
2023-11-04,5.5,2023-12-13,5.5148,2024-03-20,5.4836,2024-07-31,
2023-11-05,5.5,2023-12-13,5.511,2024-03-20,5.4936,2024-07-31,
2023-11-06,5.5,2023-12-13,5.5085,2024-03-20,5.505,2024-07-31,
2023-11-07,5.5,2023-12-13,5.5112,2024-03-20,5.5,2024-07-31,
2023-11-08,5.5,2023-12-13,5.5112,2024-03-20,5.505,2024-07-31,
2023-11-09,5.5,2023-12-13,5.5175,2024-03-20,5.5087,2024-07-31,
2023-11-10,5.5,2023-12-13,5.5138,2024-03-20,5.5125,2024-07-31,
2023-11-11,5.5,2023-12-13,5.5138,2024-03-20,5.5087,2024-07-31,
2023-11-12,5.5,2023-12-13,5.5125,2024-03-20,5.5087,2024-07-31,
2023-11-13,5.5,2023-12-13,5.5188,2024-03-20,5.5062,2024-07-31,
2023-11-14,5.5,2023-12-13,5.4988,2024-03-20,5.4625,2024-07-31,5.0525
2023-11-15,5.5,2023-12-13,5.4964,2024-03-20,5.4388,2024-07-31,
2023-11-16,5.5,2023-12-13,5.4964,2024-03-20,5.4075,2024-07-31,
2023-11-17,5.5,2023-12-13,5.4962,2024-03-20,5.4087,2024-07-31,5.0144
2023-11-18,5.5,2023-12-13,5.4962,2024-03-20,5.41,2024-07-31,5.0013
2023-11-19,5.5,2023-12-13,5.4962,2024-03-20,5.41,2024-07-31,5.0056
2023-11-20,5.5,2023-12-13,5.495,2024-03-20,5.4075,2024-07-31,5.0031
2023-11-21,5.5,2023-12-13,5.4962,2024-03-20,5.4112,2024-07-31,
2023-11-22,5.5,2023-12-13,5.5012,2024-03-20,5.4138,2024-07-31,
2023-11-23,5.5,2023-12-13,5.4988,2024-03-20,5.4162,2024-07-31,
2023-11-24,5.5,2023-12-13,5.5001,2024-03-20,5.4175,2024-07-31,
2023-11-25,5.5,2023-12-13,5.5001,2024-03-20,5.4175,2024-07-31,
2023-11-26,5.5,2023-12-13,5.5001,2024-03-20,5.4162,2024-07-31,
2023-11-27,5.5,2023-12-13,5.5001,2024-03-20,5.4206,2024-07-31,
2023-11-28,5.5,2023-12-13,5.5001,2024-03-20,5.4152,2024-07-31,
2023-11-29,5.5,2023-12-13,5.4962,2024-03-20,5.405,2024-07-31,
2023-11-30,5.5,2023-12-13,5.4962,2024-03-20,5.3988,2024-07-31,
2023-12-01,5.5,2023-12-13,5.4962,2024-03-20,5.375,2024-07-31,4.9975
2023-12-02,5.5,2023-12-13,5.4962,2024-03-20,5.3725,2024-07-31,4.9975
2023-12-03,5.5,2023-12-13,5.4962,2024-03-20,5.3737,2024-07-31,4.9987
2023-12-04,5.5,2023-12-13,5.4938,2024-03-20,5.3788,2024-07-31,4.9988
2023-12-05,5.5,2023-12-13,5.4938,2024-03-20,5.3762,2024-07-31,4.9938
2023-12-06,5.5,2023-12-13,5.4938,2024-03-20,5.3788,2024-07-31,4.98
2023-12-07,5.5,2023-12-13,5.4938,2024-03-20,5.3738,2024-07-31,4.9838
2023-12-08,5.5,2023-12-13,5.4938,2024-03-20,5.3925,2024-07-31,4.98
2023-12-09,5.5,2023-12-13,5.4938,2024-03-20,5.3863,2024-07-31,4.975
2023-12-10,5.5,2023-12-13,5.4938,2024-03-20,5.3875,2024-07-31,4.975
2023-12-11,5.5,2023-12-13,5.4938,2024-03-20,5.3975,2024-07-31,4.9838
2023-12-12,5.5,2023-12-13,5.4938,2024-03-20,5.3962,2024-07-31,4.9775
2023-12-13,5.5,2023-12-13,5.4948,2024-03-20,5.3337,2024-07-31,4.8962
2023-12-14,5.5,2024-01-31,5.4948,2024-05-01,5.1663,2024-09-18,4.6713
2023-12-15,5.5,2024-01-31,5.4988,2024-05-01,5.16,2024-09-18,4.6738
2023-12-16,5.5,2024-01-31,5.4988,2024-05-01,5.1562,2024-09-18,4.675
2023-12-17,5.5,2024-01-31,5.4988,2024-05-01,5.1537,2024-09-18,
2023-12-18,5.5,2024-01-31,5.4988,2024-05-01,5.1525,2024-09-18,4.6762
2023-12-19,5.5,2024-01-31,5.4988,2024-05-01,5.165,2024-09-18,4.6912
2023-12-20,5.5,2024-01-31,5.4988,2024-05-01,5.1625,2024-09-18,4.69
2023-12-21,5.5,2024-01-31,5.4988,2024-05-01,5.1575,2024-09-18,
2023-12-22,5.5,2024-01-31,5.4988,2024-05-01,5.1475,2024-09-18,4.6637
2023-12-23,5.5,2024-01-31,5.4988,2024-05-01,5.1475,2024-09-18,4.6637
2023-12-24,5.5,2024-01-31,5.4988,2024-05-01,5.1475,2024-09-18,4.6637
2023-12-25,5.5,2024-01-31,5.4988,2024-05-01,5.1475,2024-09-18,4.6625
2023-12-26,5.5,2024-01-31,5.4988,2024-05-01,5.1438,2024-09-18,4.6612
2023-12-27,5.5,2024-01-31,5.4988,2024-05-01,5.135,2024-09-18,
2023-12-28,5.5,2024-01-31,5.4998,2024-05-01,5.1312,2024-09-18,
2023-12-29,5.5,2024-01-31,5.4998,2024-05-01,5.1275,2024-09-18,
2023-12-30,5.5,2024-01-31,5.4998,2024-05-01,5.1263,2024-09-18,
2023-12-31,5.5,2024-01-31,5.4962,2024-05-01,5.125,2024-09-18,
2024-01-01,5.5,2024-01-31,5.4938,2024-05-01,5.1075,2024-09-18,
2024-01-02,5.5,2024-01-31,5.4938,2024-05-01,5.0913,2024-09-18,
2024-01-03,5.5,2024-01-31,5.4988,2024-05-01,5.1338,2024-09-18,
2024-01-04,5.5,2024-01-31,5.4988,2024-05-01,5.1388,2024-09-18,
2024-01-05,5.5,2024-01-31,5.5012,2024-05-01,5.1213,2024-09-18,
2024-01-06,5.5,2024-01-31,5.5012,2024-05-01,5.1225,2024-09-18,
2024-01-07,5.5,2024-01-31,5.5012,2024-05-01,5.1238,2024-09-18,
2024-01-08,5.5,2024-01-31,5.5012,2024-05-01,5.1675,2024-09-18,
2024-01-09,5.5,2024-01-31,5.5012,2024-05-01,5.165,2024-09-18,
2024-01-10,5.5,2024-01-31,5.4988,2024-05-01,5.1525,2024-09-18,
2024-01-11,5.5,2024-01-31,5.5012,2024-05-01,5.15,2024-09-18,
2024-01-12,5.5,2024-01-31,5.5012,2024-05-01,5.0875,2024-09-18,
2024-01-13,5.5,2024-01-31,5.5012,2024-05-01,5.0888,2024-09-18,
2024-01-14,5.5,2024-01-31,5.5012,2024-05-01,5.1038,2024-09-18,
2024-01-15,5.5,2024-01-31,5.5012,2024-05-01,5.1127,2024-09-18,
2024-01-16,5.5,2024-01-31,5.5012,2024-05-01,5.1389,2024-09-18,
2024-01-17,5.5,2024-01-31,5.5012,2024-05-01,5.1738,2024-09-18,
2024-01-18,5.5,2024-01-31,5.5012,2024-05-01,5.1938,2024-09-18,
2024-01-19,5.5,2024-01-31,5.5012,2024-05-01,5.1975,2024-09-18,
2024-01-20,5.5,2024-01-31,5.5012,2024-05-01,5.1877,2024-09-18,
2024-01-21,5.5,2024-01-31,5.5012,2024-05-01,5.1889,2024-09-18,
2024-01-22,5.5,2024-01-31,5.5038,2024-05-01,5.2014,2024-09-18,
2024-01-23,5.5,2024-01-31,5.5012,2024-05-01,5.2064,2024-09-18,
2024-01-24,5.5,2024-01-31,5.5038,2024-05-01,5.2027,2024-09-18,
2024-01-25,5.5,2024-01-31,5.5038,2024-05-01,5.1689,2024-09-18,
2024-01-26,5.5,2024-01-31,5.5038,2024-05-01,5.1739,2024-09-18,
2024-01-27,5.5,2024-01-31,5.5038,2024-05-01,5.1752,2024-09-18,
2024-01-28,5.5,2024-01-31,5.5038,2024-05-01,5.165,2024-09-18,
2024-01-29,5.5,2024-01-31,5.5038,2024-05-01,5.16,2024-09-18,
2024-01-30,5.5,2024-01-31,5.5038,2024-05-01,5.18,2024-09-18,
2024-01-31,5.5,2024-01-31,5.5038,2024-05-01,5.2012,2024-09-18,
2024-02-01,5.5,2024-03-20,5.4288,2024-06-12,4.9862,2024-11-07,
2024-02-02,5.5,2024-03-20,5.4638,2024-06-12,5.0038,2024-11-07,
2024-02-03,5.5,2024-03-20,5.4638,2024-06-12,5.0188,2024-11-07,
2024-02-04,5.5,2024-03-20,5.4688,2024-06-12,5.0337,2024-11-07,
2024-02-05,5.5,2024-03-20,5.4688,2024-06-12,5.035,2024-11-07,
2024-02-06,5.5,2024-03-20,5.4712,2024-06-12,5.0475,2024-11-07,
2024-02-07,5.5,2024-03-20,5.47,2024-06-12,5.045,2024-11-07,
2024-02-08,5.5,2024-03-20,5.4675,2024-06-12,5.0513,2024-11-07,
2024-02-09,5.5,2024-03-20,5.47,2024-06-12,5.0525,2024-11-07,
2024-02-10,5.5,2024-03-20,5.4675,2024-06-12,5.0487,2024-11-07,
2024-02-11,5.5,2024-03-20,5.4675,2024-06-12,5.0487,2024-11-07,
2024-02-12,5.5,2024-03-20,5.4662,2024-06-12,5.0512,2024-11-07,
2024-02-13,5.5,2024-03-20,5.4862,2024-06-12,5.2297,2024-11-07,
2024-02-14,5.5,2024-03-20,5.4888,2024-06-12,5.2362,2024-11-07,
2024-02-15,5.5,2024-03-20,5.4888,2024-06-12,5.2275,2024-11-07,
2024-02-16,5.5,2024-03-20,5.4887,2024-06-12,5.2508,2024-11-07,
2024-02-17,5.5,2024-03-20,5.4887,2024-06-12,5.2496,2024-11-07,
2024-02-18,5.5,2024-03-20,5.4887,2024-06-12,5.2536,2024-11-07,
2024-02-19,5.5,2024-03-20,5.4887,2024-06-12,5.2536,2024-11-07,
2024-02-20,5.5,2024-03-20,5.4887,2024-06-12,5.2425,2024-11-07,
2024-02-21,5.5,2024-03-20,5.4862,2024-06-12,5.2286,2024-11-07,4.882
2024-02-22,5.5,2024-03-20,5.485,2024-06-12,5.2163,2024-11-07,4.8926
2024-02-23,5.5,2024-03-20,5.4838,2024-06-12,5.2338,2024-11-07,4.8375
2024-02-24,5.5,2024-03-20,5.4838,2024-06-12,5.2373,2024-11-07,4.8338
2024-02-25,5.5,2024-03-20,5.485,2024-06-12,5.235,2024-11-07,4.8225
2024-02-26,5.5,2024-03-20,5.4887,2024-06-12,5.2498,2024-11-07,4.8338
2024-02-27,5.5,2024-03-20,5.4887,2024-06-12,5.2498,2024-11-07,4.8561
2024-02-28,5.5,2024-03-20,5.4875,2024-06-12,5.2487,2024-11-07,4.8601
2024-02-29,5.5,2024-03-20,5.4937,2024-06-12,5.2625,2024-11-07,4.8534
2024-03-01,5.5,2024-03-20,5.4925,2024-06-12,5.2488,2024-11-07,4.8463
2024-03-02,5.5,2024-03-20,5.4925,2024-06-12,5.2513,2024-11-07,4.8475
2024-03-03,5.5,2024-03-20,5.4937,2024-06-12,5.2613,2024-11-07,4.8604
2024-03-04,5.5,2024-03-20,5.4964,2024-06-12,5.28,2024-11-07,4.888
2024-03-05,5.5,2024-03-20,5.4963,2024-06-12,5.2844,2024-11-07,4.8773
2024-03-06,5.5,2024-03-20,5.4925,2024-06-12,,2024-11-07,
2024-03-07,5.5,2024-03-20,5.4888,2024-06-12,,2024-11-07,4.8494
2024-03-08,5.5,2024-03-20,5.4938,2024-06-12,,2024-11-07,4.7869
2024-03-09,5.5,2024-03-20,5.4975,2024-06-12,5.2342,2024-11-07,
2024-03-10,5.5,2024-03-20,5.4975,2024-06-12,5.2342,2024-11-07,
2024-03-11,5.5,2024-03-20,5.4962,2024-06-12,5.2275,2024-11-07,4.7875
2024-03-12,5.5,2024-03-20,5.4988,2024-06-12,,2024-11-07,4.7962
2024-03-13,5.5,2024-03-20,5.4962,2024-06-12,5.2756,2024-11-07,4.7988
2024-03-14,5.5,2024-03-20,5.4977,2024-06-12,5.3047,2024-11-07,4.8476
2024-03-15,5.5,2024-03-20,5.4977,2024-06-12,5.3269,2024-11-07,
2024-03-16,5.5,2024-03-20,5.4988,2024-06-12,5.3294,2024-11-07,
2024-03-17,5.5,2024-03-20,5.4988,2024-06-12,5.3319,2024-11-07,
2024-03-18,5.5,2024-03-20,5.4988,2024-06-12,5.3256,2024-11-07,
2024-03-19,5.5,2024-03-20,5.4988,2024-06-12,5.3141,2024-11-07,
2024-03-20,5.5,2024-03-20,5.5,2024-06-12,5.2554,2024-11-07,
2024-03-21,5.5,2024-05-01,5.4589,2024-07-31,,2024-12-18,
2024-03-22,5.5,2024-05-01,5.4514,2024-07-31,5.1081,2024-12-18,4.7038
2024-03-23,5.5,2024-05-01,5.4551,2024-07-31,5.1194,2024-12-18,4.71
2024-03-24,5.5,2024-05-01,5.4537,2024-07-31,5.1503,2024-12-18,4.6844
2024-03-25,5.5,2024-05-01,5.4562,2024-07-31,5.1503,2024-12-18,4.6837
2024-03-26,5.5,2024-05-01,5.455,2024-07-31,5.1528,2024-12-18,4.6982
2024-03-27,5.5,2024-05-01,5.4613,2024-07-31,5.1578,2024-12-18,4.6842
2024-03-28,5.5,2024-05-01,5.461,2024-07-31,5.1038,2024-12-18,4.6812
2024-03-29,5.5,2024-05-01,5.4712,2024-07-31,5.1244,2024-12-18,4.7225
2024-03-30,5.5,2024-05-01,5.475,2024-07-31,5.1363,2024-12-18,4.7231
2024-03-31,5.5,2024-05-01,5.4769,2024-07-31,5.13,2024-12-18,4.7224
2024-04-01,5.5,2024-05-01,5.4794,2024-07-31,5.185,2024-12-18,4.7506
2024-04-02,5.5,2024-05-01,5.4819,2024-07-31,5.1925,2024-12-18,4.88
2024-04-03,5.5,2024-05-01,5.4806,2024-07-31,5.2162,2024-12-18,4.825
2024-04-04,5.5,2024-05-01,5.4781,2024-07-31,5.2188,2024-12-18,4.8262
2024-04-05,5.5,2024-05-01,5.4812,2024-07-31,5.2799,2024-12-18,4.905
2024-04-06,5.5,2024-05-01,5.4812,2024-07-31,5.2838,2024-12-18,4.8988
2024-04-07,5.5,2024-05-01,5.4814,2024-07-31,5.2862,2024-12-18,4.9038
2024-04-08,5.5,2024-05-01,5.4864,2024-07-31,5.2875,2024-12-18,4.8975
2024-04-09,5.5,2024-05-01,5.4901,2024-07-31,5.2488,2024-12-18,4.885
2024-04-10,5.5,2024-05-01,5.4925,2024-07-31,5.385,2024-12-18,5.0471
2024-04-11,5.5,2024-05-01,5.4925,2024-07-31,5.3675,2024-12-18,5.055
2024-04-12,5.5,2024-05-01,5.4925,2024-07-31,5.3425,2024-12-18,
2024-04-13,5.5,2024-05-01,5.4925,2024-07-31,5.3562,2024-12-18,5.0475
2024-04-14,5.5,2024-05-01,5.4925,2024-07-31,5.3575,2024-12-18,5.05
2024-04-15,5.5,2024-05-01,5.4925,2024-07-31,5.38,2024-12-18,5.0588
2024-04-16,5.5,2024-05-01,5.4953,2024-07-31,5.3962,2024-12-18,5.0762
2024-04-17,5.5,2024-05-01,5.4963,2024-07-31,5.3912,2024-12-18,5.0838
2024-04-18,5.5,2024-05-01,5.4963,2024-07-31,5.4025,2024-12-18,
2024-04-19,5.5,2024-05-01,5.4937,2024-07-31,5.4,2024-12-18,
2024-04-20,5.5,2024-05-01,5.4964,2024-07-31,5.3975,2024-12-18,
2024-04-21,5.5,2024-05-01,5.4964,2024-07-31,5.395,2024-12-18,
2024-04-22,5.5,2024-05-01,5.4939,2024-07-31,5.3962,2024-12-18,5.1
2024-04-23,5.5,2024-05-01,5.4974,2024-07-31,5.3938,2024-12-18,
2024-04-24,5.5,2024-05-01,5.4937,2024-07-31,5.3988,2024-12-18,5.1062
2024-04-25,5.5,2024-05-01,5.495,2024-07-31,5.425,2024-12-18,
2024-04-26,5.5,2024-05-01,5.4938,2024-07-31,5.4325,2024-12-18,
2024-04-27,5.5,2024-05-01,5.495,2024-07-31,5.4325,2024-12-18,
2024-04-28,5.5,2024-05-01,5.495,2024-07-31,5.4325,2024-12-18,
2024-04-29,5.5,2024-05-01,5.4963,2024-07-31,5.4325,2024-12-18,
2024-04-30,5.5,2024-05-01,5.4963,2024-07-31,5.4412,2024-12-18,
2024-05-01,5.5,2024-05-01,5.4963,2024-07-31,5.425,2024-12-18,5.17
2024-05-02,5.5,2024-06-12,5.474,2024-09-18,5.375,2025-01-29,5.03
2024-05-03,5.5,2024-06-12,5.4815,2024-09-18,5.3237,2025-01-29,4.9925
2024-05-04,5.5,2024-06-12,5.4804,2024-09-18,5.3225,2025-01-29,4.9925
2024-05-05,5.5,2024-06-12,5.4804,2024-09-18,5.3238,2025-01-29,4.9925
2024-05-06,5.5,2024-06-12,5.4766,2024-09-18,5.3162,2025-01-29,4.9925
2024-05-07,5.5,2024-06-12,5.4804,2024-09-18,5.32,2025-01-29,4.9887
2024-05-08,5.5,2024-06-12,5.4804,2024-09-18,5.3213,2025-01-29,4.9887
2024-05-09,5.5,2024-06-12,5.4812,2024-09-18,5.3175,2025-01-29,4.9912
2024-05-10,5.5,2024-06-12,5.4838,2024-09-18,5.3337,2025-01-29,4.9912
2024-05-11,5.5,2024-06-12,5.4838,2024-09-18,5.3325,2025-01-29,4.9912
2024-05-12,5.5,2024-06-12,5.4838,2024-09-18,5.3312,2025-01-29,4.9912
2024-05-13,5.5,2024-06-12,5.4887,2024-09-18,5.3438,2025-01-29,4.9912
2024-05-14,5.5,2024-06-12,5.4825,2024-09-18,5.345,2025-01-29,5.0012
2024-05-15,5.5,2024-06-12,5.49,2024-09-18,5.3138,2025-01-29,4.9738
2024-05-16,5.5,2024-06-12,5.4891,2024-09-18,5.2988,2025-01-29,4.9688
2024-05-17,5.5,2024-06-12,5.4889,2024-09-18,5.2937,2025-01-29,4.9688
2024-05-18,5.5,2024-06-12,5.49,2024-09-18,5.2888,2025-01-29,4.965
2024-05-19,5.5,2024-06-12,5.49,2024-09-18,5.29,2025-01-29,4.965
2024-05-20,5.5,2024-06-12,5.4912,2024-09-18,5.2963,2025-01-29,4.9712
2024-05-21,5.5,2024-06-12,5.4937,2024-09-18,5.3,2025-01-29,4.9712
2024-05-22,5.5,2024-06-12,5.4912,2024-09-18,5.3062,2025-01-29,4.9687
2024-05-23,5.5,2024-06-12,5.49,2024-09-18,5.3463,2025-01-29,4.9675
2024-05-24,5.5,2024-06-12,5.4912,2024-09-18,5.345,2025-01-29,4.9713
2024-05-25,5.5,2024-06-12,5.4937,2024-09-18,5.355,2025-01-29,4.9713
2024-05-26,5.5,2024-06-12,5.4925,2024-09-18,5.36,2025-01-29,4.9738
2024-05-27,5.5,2024-06-12,5.4925,2024-09-18,5.3637,2025-01-29,4.9762
2024-05-28,5.5,2024-06-12,5.4925,2024-09-18,5.3975,2025-01-29,4.9658
2024-05-29,5.5,2024-06-12,5.4937,2024-09-18,5.3925,2025-01-29,4.9696
2024-05-30,5.5,2024-06-12,5.49,2024-09-18,5.385,2025-01-29,4.9683
2024-05-31,5.5,2024-06-12,5.49,2024-09-18,5.3775,2025-01-29,4.9725
2024-06-01,5.5,2024-06-12,5.49,2024-09-18,5.3787,2025-01-29,4.9738
2024-06-02,5.5,2024-06-12,5.4912,2024-09-18,5.3787,2025-01-29,4.9738
2024-06-03,5.5,2024-06-12,5.49,2024-09-18,5.3662,2025-01-29,4.9738
2024-06-04,5.5,2024-06-12,5.4912,2024-09-18,5.3287,2025-01-29,4.9663
2024-06-05,5.5,2024-06-12,5.4912,2024-09-18,5.305,2025-01-29,4.9713
2024-06-06,5.5,2024-06-12,5.4912,2024-09-18,5.2912,2025-01-29,4.965
2024-06-07,5.5,2024-06-12,5.4879,2024-09-18,5.3412,2025-01-29,5.095
2024-06-08,5.5,2024-06-12,5.4879,2024-09-18,5.3475,2025-01-29,5.095
2024-06-09,5.5,2024-06-12,5.4902,2024-09-18,5.3512,2025-01-29,5.095
2024-06-10,5.5,2024-06-12,5.4902,2024-09-18,5.355,2025-01-29,5.095
2024-06-11,5.5,2024-06-12,5.4937,2024-09-18,5.3538,2025-01-29,5.0963
2024-06-12,5.5,2024-06-12,5.494,2024-09-18,5.3225,2025-01-29,5.0988
2024-06-13,5.5,2024-07-31,5.4679,2024-11-07,5.2412,2025-03-19,
2024-06-14,5.5,2024-07-31,5.4679,2024-11-07,5.2475,2025-03-19,
2024-06-15,5.5,2024-07-31,5.4686,2024-11-07,5.25,2025-03-19,
2024-06-16,5.5,2024-07-31,5.4716,2024-11-07,5.2488,2025-03-19,
2024-06-17,5.5,2024-07-31,5.4727,2024-11-07,5.2425,2025-03-19,
2024-06-18,5.5,2024-07-31,5.4727,2024-11-07,5.245,2025-03-19,
2024-06-19,5.5,2024-07-31,5.4739,2024-11-07,5.2475,2025-03-19,
2024-06-20,5.5,2024-07-31,5.4739,2024-11-07,5.245,2025-03-19,
2024-06-21,5.5,2024-07-31,5.4739,2024-11-07,5.2487,2025-03-19,
2024-06-22,5.5,2024-07-31,5.4739,2024-11-07,5.245,2025-03-19,
2024-06-23,5.5,2024-07-31,5.4739,2024-11-07,5.245,2025-03-19,
2024-06-24,5.5,2024-07-31,5.4739,2024-11-07,5.2487,2025-03-19,
2024-06-25,5.5,2024-07-31,5.4739,2024-11-07,5.25,2025-03-19,
2024-06-26,5.5,2024-07-31,5.4739,2024-11-07,5.25,2025-03-19,
2024-06-27,5.5,2024-07-31,5.4725,2024-11-07,5.2512,2025-03-19,
2024-06-28,5.5,2024-07-31,5.4725,2024-11-07,5.2512,2025-03-19,
2024-06-29,5.5,2024-07-31,5.475,2024-11-07,5.25,2025-03-19,
2024-06-30,5.5,2024-07-31,5.475,2024-11-07,5.2512,2025-03-19,
2024-07-01,5.5,2024-07-31,5.4788,2024-11-07,5.2512,2025-03-19,
2024-07-02,5.5,2024-07-31,5.4788,2024-11-07,5.2487,2025-03-19,
2024-07-03,5.5,2024-07-31,5.4775,2024-11-07,5.2412,2025-03-19,
2024-07-04,5.5,2024-07-31,5.4788,2024-11-07,5.2412,2025-03-19,
2024-07-05,5.5,2024-07-31,5.4788,2024-11-07,5.2462,2025-03-19,
2024-07-06,5.5,2024-07-31,5.4788,2024-11-07,5.2462,2025-03-19,
2024-07-07,5.5,2024-07-31,5.4788,2024-11-07,5.2462,2025-03-19,
2024-07-08,5.5,2024-07-31,5.4788,2024-11-07,5.2338,2025-03-19,
2024-07-09,5.5,2024-07-31,5.4788,2024-11-07,5.23,2025-03-19,
2024-07-10,5.5,2024-07-31,5.4788,2024-11-07,5.2362,2025-03-19,
2024-07-11,5.5,2024-07-31,5.4712,2024-11-07,5.1525,2025-03-19,
2024-07-12,5.5,2024-07-31,5.4762,2024-11-07,5.15,2025-03-19,
2024-07-13,5.5,2024-07-31,5.4762,2024-11-07,5.1563,2025-03-19,
2024-07-14,5.5,2024-07-31,5.4762,2024-11-07,5.1625,2025-03-19,
2024-07-15,5.5,2024-07-31,5.4712,2024-11-07,5.1188,2025-03-19,
2024-07-16,5.5,2024-07-31,5.4775,2024-11-07,5.1188,2025-03-19,
2024-07-17,5.5,2024-07-31,5.4837,2024-11-07,5.1138,2025-03-19,
2024-07-18,5.5,2024-07-31,5.4812,2024-11-07,5.115,2025-03-19,
2024-07-19,5.5,2024-07-31,5.4837,2024-11-07,5.115,2025-03-19,
2024-07-20,5.5,2024-07-31,5.4837,2024-11-07,5.115,2025-03-19,
2024-07-21,5.5,2024-07-31,5.4837,2024-11-07,5.115,2025-03-19,
2024-07-22,5.5,2024-07-31,5.4862,2024-11-07,5.12,2025-03-19,
2024-07-23,5.5,2024-07-31,5.4887,2024-11-07,5.12,2025-03-19,
2024-07-24,5.5,2024-07-31,5.4825,2024-11-07,5.12,2025-03-19,
2024-07-25,5.5,2024-07-31,5.4825,2024-11-07,5.1188,2025-03-19,
2024-07-26,5.5,2024-07-31,5.4738,2024-11-07,5.1162,2025-03-19,
2024-07-27,5.5,2024-07-31,5.4738,2024-11-07,5.1162,2025-03-19,
2024-07-28,5.5,2024-07-31,5.4803,2024-11-07,5.115,2025-03-19,
2024-07-29,5.5,2024-07-31,5.4803,2024-11-07,5.1162,2025-03-19,
2024-07-30,5.5,2024-07-31,5.4828,2024-11-07,5.115,2025-03-19,
2024-07-31,5.5,2024-07-31,5.4828,2024-11-07,5.07,2025-03-19,
2024-08-01,5.5,2024-09-18,5.1962,2024-12-18,4.7975,2025-05-07,
2024-08-02,5.5,2024-09-18,5.1357,2024-12-18,4.6084,2025-05-07,
2024-08-03,5.5,2024-09-18,5.1275,2024-12-18,,2025-05-07,
2024-08-04,5.5,2024-09-18,5.0863,2024-12-18,,2025-05-07,
2024-08-05,5.5,2024-09-18,5.0578,2024-12-18,,2025-05-07,
2024-08-06,5.5,2024-09-18,5.0903,2024-12-18,4.5312,2025-05-07,
2024-08-07,5.5,2024-09-18,5.0598,2024-12-18,4.521,2025-05-07,
2024-08-08,5.5,2024-09-18,5.1212,2024-12-18,4.6062,2025-05-07,
2024-08-09,5.5,2024-09-18,5.1438,2024-12-18,4.5913,2025-05-07,
2024-08-10,5.5,2024-09-18,5.1501,2024-12-18,4.5913,2025-05-07,
2024-08-11,5.5,2024-09-18,5.1513,2024-12-18,4.5888,2025-05-07,
2024-08-12,5.5,2024-09-18,5.1488,2024-12-18,4.5888,2025-05-07,
2024-08-13,5.5,2024-09-18,5.145,2024-12-18,4.5825,2025-05-07,
2024-08-14,5.5,2024-09-18,5.1775,2024-12-18,4.5978,2025-05-07,
2024-08-15,5.5,2024-09-18,5.1912,2024-12-18,4.644,2025-05-07,
2024-08-16,5.5,2024-09-18,5.1938,2024-12-18,4.6678,2025-05-07,
2024-08-17,5.5,2024-09-18,5.1951,2024-12-18,4.6662,2025-05-07,
2024-08-18,5.5,2024-09-18,5.1939,2024-12-18,4.6625,2025-05-07,
2024-08-19,5.5,2024-09-18,5.1964,2024-12-18,4.6562,2025-05-07,
2024-08-20,5.5,2024-09-18,5.19,2024-12-18,4.6488,2025-05-07,
2024-08-21,5.5,2024-09-18,5.1865,2024-12-18,4.6053,2025-05-07,
2024-08-22,5.5,2024-09-18,5.194,2024-12-18,4.6288,2025-05-07,
2024-08-23,5.5,2024-09-18,5.184,2024-12-18,4.6103,2025-05-07,
2024-08-24,5.5,2024-09-18,5.184,2024-12-18,4.6115,2025-05-07,
2024-08-25,5.5,2024-09-18,5.1827,2024-12-18,4.6115,2025-05-07,
2024-08-26,5.5,2024-09-18,5.1902,2024-12-18,4.614,2025-05-07,
2024-08-27,5.5,2024-09-18,5.189,2024-12-18,4.6128,2025-05-07,
2024-08-28,5.5,2024-09-18,5.1802,2024-12-18,4.6115,2025-05-07,
2024-08-29,5.5,2024-09-18,5.1752,2024-12-18,4.609,2025-05-07,
2024-08-30,5.5,2024-09-18,5.174,2024-12-18,4.6128,2025-05-07,
2024-08-31,5.5,2024-09-18,5.1727,2024-12-18,4.6128,2025-05-07,
2024-09-01,5.5,2024-09-18,5.1752,2024-12-18,4.6128,2025-05-07,
2024-09-02,5.5,2024-09-18,5.1715,2024-12-18,4.6128,2025-05-07,
2024-09-03,5.5,2024-09-18,5.1802,2024-12-18,4.6078,2025-05-07,
2024-09-04,5.5,2024-09-18,5.1415,2024-12-18,4.5752,2025-05-07,
2024-09-05,5.5,2024-09-18,5.1477,2024-12-18,4.5952,2025-05-07,
2024-09-06,5.5,2024-09-18,5.1902,2024-12-18,4.4803,2025-05-07,
2024-09-07,5.5,2024-09-18,5.1865,2024-12-18,4.4879,2025-05-07,
2024-09-08,5.5,2024-09-18,5.1865,2024-12-18,4.4879,2025-05-07,
2024-09-09,5.5,2024-09-18,5.1915,2024-12-18,4.4579,2025-05-07,
2024-09-10,5.5,2024-09-18,5.1815,2024-12-18,4.4254,2025-05-07,
2024-09-11,5.5,2024-09-18,5.2265,2024-12-18,4.5075,2025-05-07,
2024-09-12,5.5,2024-09-18,5.1725,2024-12-18,,2025-05-07,
2024-09-13,5.5,2024-09-18,5.1565,2024-12-18,,2025-05-07,
2024-09-14,5.5,2024-09-18,5.1424,2024-12-18,,2025-05-07,
2024-09-15,5.5,2024-09-18,5.118,2024-12-18,,2025-05-07,
2024-09-16,5.5,2024-09-18,5.0838,2024-12-18,,2025-05-07,
2024-09-17,5.5,2024-09-18,5.1048,2024-12-18,,2025-05-07,
2024-09-18,5.5,2024-09-18,5.1511,2024-12-18,4.2502,2025-05-07,
2024-09-19,5.0,2024-11-07,4.6771,2025-01-29,4.3862,2025-06-18,
2024-09-20,5.0,2024-11-07,4.6394,2025-01-29,4.3806,2025-06-18,
2024-09-21,5.0,2024-11-07,4.6286,2025-01-29,4.3791,2025-06-18,
2024-09-22,5.0,2024-11-07,4.6339,2025-01-29,4.3202,2025-06-18,
2024-09-23,5.0,2024-11-07,4.6411,2025-01-29,,2025-06-18,
2024-09-24,5.0,2024-11-07,4.6135,2025-01-29,4.2988,2025-06-18,
2024-09-25,5.0,2024-11-07,4.6227,2025-01-29,,2025-06-18,
2024-09-26,5.0,2024-11-07,4.627,2025-01-29,,2025-06-18,
2024-09-27,5.0,2024-11-07,4.6212,2025-01-29,,2025-06-18,
2024-09-28,5.0,2024-11-07,4.619,2025-01-29,,2025-06-18,
2024-09-29,5.0,2024-11-07,4.614,2025-01-29,,2025-06-18,
2024-09-30,5.0,2024-11-07,4.6502,2025-01-29,,2025-06-18,
2024-10-01,5.0,2024-11-07,4.6575,2025-01-29,4.3975,2025-06-18,
2024-10-02,5.0,2024-11-07,4.645,2025-01-29,,2025-06-18,
2024-10-03,5.0,2024-11-07,4.6682,2025-01-29,,2025-06-18,
2024-10-04,5.0,2024-11-07,4.744,2025-01-29,4.2325,2025-06-18,
2024-10-05,5.0,2024-11-07,4.7409,2025-01-29,4.2262,2025-06-18,3.7237
2024-10-06,5.0,2024-11-07,4.7347,2025-01-29,4.2175,2025-06-18,3.7187
2024-10-07,5.0,2024-11-07,4.7428,2025-01-29,4.3113,2025-06-18,3.7962
2024-10-08,5.0,2024-11-07,4.7478,2025-01-29,4.3088,2025-06-18,3.7962
2024-10-09,5.0,2024-11-07,4.7778,2025-01-29,4.3088,2025-06-18,3.8
2024-10-10,5.0,2024-11-07,4.8584,2025-01-29,4.3662,2025-06-18,3.925
2024-10-11,5.0,2024-11-07,4.8596,2025-01-29,4.3662,2025-06-18,3.925
2024-10-12,5.0,2024-11-07,4.7825,2025-01-29,4.3662,2025-06-18,3.9775
2024-10-13,5.0,2024-11-07,4.7815,2025-01-29,4.3687,2025-06-18,3.9775
2024-10-14,5.0,2024-11-07,4.7865,2025-01-29,4.3788,2025-06-18,3.9062
2024-10-15,5.0,2024-11-07,4.7777,2025-01-29,4.3762,2025-06-18,
2024-10-16,5.0,2024-11-07,4.852,2025-01-29,4.3812,2025-06-18,3.955
2024-10-17,5.0,2024-11-07,4.8557,2025-01-29,4.3812,2025-06-18,3.97
2024-10-18,5.0,2024-11-07,4.7632,2025-01-29,4.3775,2025-06-18,
2024-10-19,5.0,2024-11-07,4.788,2025-01-29,4.3763,2025-06-18,
2024-10-20,5.0,2024-11-07,4.788,2025-01-29,4.3763,2025-06-18,
2024-10-21,5.0,2024-11-07,4.7829,2025-01-29,4.3762,2025-06-18,3.9475
2024-10-22,5.0,2024-11-07,4.7688,2025-01-29,4.375,2025-06-18,3.9475
2024-10-23,5.0,2024-11-07,4.7691,2025-01-29,4.375,2025-06-18,3.9456
2024-10-24,5.0,2024-11-07,4.7716,2025-01-29,4.375,2025-06-18,3.9456
2024-10-25,5.0,2024-11-07,4.7729,2025-01-29,4.3762,2025-06-18,3.9456
2024-10-26,5.0,2024-11-07,4.7729,2025-01-29,4.3762,2025-06-18,3.9456
2024-10-27,5.0,2024-11-07,4.7729,2025-01-29,4.3762,2025-06-18,3.9456
2024-10-28,5.0,2024-11-07,4.767,2025-01-29,4.3762,2025-06-18,3.9456
2024-10-29,5.0,2024-11-07,4.7695,2025-01-29,4.3662,2025-06-18,3.9456
2024-10-30,5.0,2024-11-07,4.7694,2025-01-29,4.3774,2025-06-18,3.9456
2024-10-31,5.0,2024-11-07,4.7787,2025-01-29,4.3787,2025-06-18,3.9481
2024-11-01,5.0,2024-11-07,4.765,2025-01-29,4.3787,2025-06-18,3.9481
2024-11-02,5.0,2024-11-07,4.7712,2025-01-29,4.3787,2025-06-18,3.9481
2024-11-03,5.0,2024-11-07,4.7723,2025-01-29,4.3787,2025-06-18,3.9481
2024-11-04,5.0,2024-11-07,4.7727,2025-01-29,4.3755,2025-06-18,3.9481
2024-11-05,5.0,2024-11-07,4.7701,2025-01-29,4.3774,2025-06-18,3.9481
2024-11-06,5.0,2024-11-07,4.7494,2025-01-29,,2025-06-18,
2024-11-07,5.0,2024-11-07,4.7489,2025-01-29,,2025-06-18,
2024-11-08,4.75,2024-12-18,4.5699,2025-03-19,,2025-07-30,
2024-11-09,4.75,2024-12-18,4.5674,2025-03-19,,2025-07-30,
2024-11-10,4.75,2024-12-18,4.5549,2025-03-19,,2025-07-30,
2024-11-11,4.75,2024-12-18,4.5574,2025-03-19,,2025-07-30,
2024-11-12,4.75,2024-12-18,4.5575,2025-03-19,,2025-07-30,
2024-11-13,4.75,2024-12-18,4.5012,2025-03-19,,2025-07-30,
2024-11-14,4.75,2024-12-18,4.5625,2025-03-19,,2025-07-30,
2024-11-16,4.75,2024-12-18,4.5731,2025-03-19,4.37,2025-07-30,4.1388
2024-11-17,4.75,2024-12-18,4.5682,2025-03-19,4.37,2025-07-30,4.1388
2024-11-18,4.75,2024-12-18,4.5986,2025-03-19,4.3712,2025-07-30,4.1362
2024-11-19,4.75,2024-12-18,4.5997,2025-03-19,4.365,2025-07-30,4.1338
2024-11-20,4.75,2024-12-18,4.6009,2025-03-19,4.3637,2025-07-30,4.1237
2024-11-21,4.75,2024-12-18,4.595,2025-03-19,4.3625,2025-07-30,4.1188
2024-11-22,4.75,2024-12-18,4.5961,2025-03-19,4.355,2025-07-30,4.105
2024-11-23,4.75,2024-12-18,4.5986,2025-03-19,4.355,2025-07-30,4.105
2024-11-24,4.75,2024-12-18,4.5975,2025-03-19,4.3563,2025-07-30,4.0925
2024-11-25,4.75,2024-12-18,4.595,2025-03-19,4.3562,2025-07-30,4.035
2024-11-26,4.75,2024-12-18,4.5787,2025-03-19,4.2725,2025-07-30,3.94
2024-11-27,4.75,2024-12-18,4.5725,2025-03-19,4.2725,2025-07-30,3.94
2024-11-28,4.75,2024-12-18,4.5725,2025-03-19,4.2775,2025-07-30,3.94
2024-11-29,4.75,2024-12-18,4.5725,2025-03-19,4.2775,2025-07-30,3.94
2024-11-30,4.75,2024-12-18,4.5725,2025-03-19,4.2775,2025-07-30,3.94
2024-12-01,4.75,2024-12-18,4.5725,2025-03-19,4.2775,2025-07-30,3.94
2024-12-02,4.75,2024-12-18,4.565,2025-03-19,4.275,2025-07-30,3.9387
2024-12-03,4.75,2024-12-18,4.5562,2025-03-19,4.2762,2025-07-30,3.94
2024-12-04,4.75,2024-12-18,4.5688,2025-03-19,4.2762,2025-07-30,3.94
2024-12-05,4.75,2024-12-18,4.5662,2025-03-19,4.2762,2025-07-30,3.8537
2024-12-06,4.75,2024-12-18,4.53,2025-03-19,,2025-07-30,3.915
2024-12-07,4.75,2024-12-18,4.5287,2025-03-19,,2025-07-30,3.9112
2024-12-08,4.75,2024-12-18,4.5287,2025-03-19,4.2638,2025-07-30,3.9125
2024-12-09,4.75,2024-12-18,4.5275,2025-03-19,4.2625,2025-07-30,3.9138
2024-12-10,4.75,2024-12-18,4.5315,2025-03-19,4.2638,2025-07-30,3.9238
2024-12-11,4.75,2024-12-18,4.5089,2025-03-19,4.3238,2025-07-30,4.0
2024-12-12,4.75,2024-12-18,4.5089,2025-03-19,4.325,2025-07-30,4.0138
2024-12-13,4.75,2024-12-18,4.5064,2025-03-19,4.3238,2025-07-30,4.0138
2024-12-14,4.75,2024-12-18,4.5064,2025-03-19,4.325,2025-07-30,4.0138
2024-12-15,4.75,2024-12-18,4.5052,2025-03-19,4.3238,2025-07-30,4.015
2024-12-16,4.75,2024-12-18,4.5052,2025-03-19,4.3213,2025-07-30,4.015
2024-12-17,4.75,2024-12-18,4.5021,2025-03-19,4.3225,2025-07-30,4.015
2024-12-18,4.75,2024-12-18,4.4986,2025-03-19,4.3588,2025-07-30,4.1523
2024-12-19,4.5,2025-01-29,4.4749,2025-05-07,4.3035,2025-09-17,4.1113
2024-12-20,4.5,2025-01-29,4.4736,2025-05-07,4.3035,2025-09-17,4.1113
2024-12-21,4.5,2025-01-29,4.4724,2025-05-07,4.3035,2025-09-17,4.115
2024-12-22,4.5,2025-01-29,4.4725,2025-05-07,4.3058,2025-09-17,4.115
2024-12-23,4.5,2025-01-29,4.4725,2025-05-07,4.3046,2025-09-17,4.115
2024-12-24,4.5,2025-01-29,4.475,2025-05-07,4.3022,2025-09-17,4.1025
2024-12-25,4.5,2025-01-29,4.475,2025-05-07,4.3022,2025-09-17,4.1025
2024-12-26,4.5,2025-01-29,4.4762,2025-05-07,4.2935,2025-09-17,4.0988
2024-12-27,4.5,2025-01-29,4.4788,2025-05-07,4.2885,2025-09-17,4.0513
2024-12-28,4.5,2025-01-29,4.4788,2025-05-07,4.2885,2025-09-17,4.05
2024-12-29,4.5,2025-01-29,4.48,2025-05-07,4.2885,2025-09-17,4.05
2024-12-30,4.5,2025-01-29,4.48,2025-05-07,4.2885,2025-09-17,4.05
2024-12-31,4.5,2025-01-29,4.48,2025-05-07,4.2947,2025-09-17,4.05
2025-01-01,4.5,2025-01-29,4.4824,2025-05-07,4.2935,2025-09-17,4.0475
2025-01-02,4.5,2025-01-29,4.4824,2025-05-07,4.2947,2025-09-17,4.0475
2025-01-03,4.5,2025-01-29,4.4874,2025-05-07,4.2947,2025-09-17,4.0475
2025-01-04,4.5,2025-01-29,4.4874,2025-05-07,4.2859,2025-09-17,4.1325
2025-01-05,4.5,2025-01-29,4.485,2025-05-07,4.2859,2025-09-17,4.0925
2025-01-06,4.5,2025-01-29,4.4925,2025-05-07,4.2885,2025-09-17,4.095
2025-01-07,4.5,2025-01-29,4.4875,2025-05-07,4.2885,2025-09-17,4.125
2025-01-08,4.5,2025-01-29,4.4905,2025-05-07,4.2885,2025-09-17,4.125
2025-01-09,4.5,2025-01-29,4.495,2025-05-07,4.2925,2025-09-17,4.125
2025-01-10,4.5,2025-01-29,4.5012,2025-05-07,4.3288,2025-09-17,4.1875
2025-01-11,4.5,2025-01-29,4.5012,2025-05-07,4.3288,2025-09-17,4.1888
2025-01-12,4.5,2025-01-29,4.5012,2025-05-07,4.3288,2025-09-17,4.1888
2025-01-13,4.5,2025-01-29,4.5075,2025-05-07,4.3694,2025-09-17,
2025-01-14,4.5,2025-01-29,4.5,2025-05-07,4.3362,2025-09-17,4.17
2025-01-15,4.5,2025-01-29,4.4988,2025-05-07,4.3665,2025-09-17,
2025-01-16,4.5,2025-01-29,4.5,2025-05-07,4.3362,2025-09-17,
2025-01-17,4.5,2025-01-29,4.5012,2025-05-07,4.3665,2025-09-17,
2025-01-18,4.5,2025-01-29,4.5012,2025-05-07,4.3362,2025-09-17,4.1012
2025-01-19,4.5,2025-01-29,4.5,2025-05-07,4.3362,2025-09-17,4.1012
2025-01-20,4.5,2025-01-29,4.5,2025-05-07,4.3338,2025-09-17,4.1012
2025-01-21,4.5,2025-01-29,4.4987,2025-05-07,4.3453,2025-09-17,4.1025
2025-01-22,4.5,2025-01-29,4.5,2025-05-07,4.3453,2025-09-17,4.1025
2025-01-23,4.5,2025-01-29,4.5,2025-05-07,4.3441,2025-09-17,4.1025
2025-01-24,4.5,2025-01-29,4.4987,2025-05-07,4.3278,2025-09-17,4.0625
2025-01-25,4.5,2025-01-29,4.4987,2025-05-07,4.3278,2025-09-17,4.0612
2025-01-26,4.5,2025-01-29,4.4987,2025-05-07,4.3291,2025-09-17,4.06
2025-01-27,4.5,2025-01-29,4.5,2025-05-07,4.2953,2025-09-17,4.0488
2025-01-28,4.5,2025-01-29,4.4987,2025-05-07,4.2978,2025-09-17,4.0475
2025-01-29,4.5,2025-01-29,4.5125,2025-05-07,4.275,2025-09-17,4.0488
2025-01-30,4.5,2025-03-19,4.444,2025-06-18,4.1988,2025-10-29,4.0812
2025-01-31,4.5,2025-03-19,4.4465,2025-06-18,4.205,2025-10-29,4.0812
2025-02-01,4.5,2025-03-19,4.4675,2025-06-18,4.2325,2025-10-29,4.0812
2025-02-02,4.5,2025-03-19,4.4575,2025-06-18,4.2437,2025-10-29,4.0812
2025-02-03,4.5,2025-03-19,4.455,2025-06-18,4.2562,2025-10-29,4.08
2025-02-04,4.5,2025-03-19,4.455,2025-06-18,4.2588,2025-10-29,4.0838
2025-02-05,4.5,2025-03-19,4.45,2025-06-18,4.2738,2025-10-29,4.0838
2025-02-06,4.5,2025-03-19,4.46,2025-06-18,4.2662,2025-10-29,4.0862
2025-02-07,4.5,2025-03-19,4.4725,2025-06-18,4.2762,2025-10-29,4.0912
2025-02-08,4.5,2025-03-19,4.4687,2025-06-18,4.2712,2025-10-29,4.0938
2025-02-09,4.5,2025-03-19,4.4725,2025-06-18,4.2775,2025-10-29,4.0925
2025-02-10,4.5,2025-03-19,4.47,2025-06-18,4.28,2025-10-29,4.095
2025-02-11,4.5,2025-03-19,4.4788,2025-06-18,4.2862,2025-10-29,4.095
2025-02-12,4.5,2025-03-19,4.4868,2025-06-18,4.33,2025-10-29,4.105
2025-02-13,4.5,2025-03-19,4.4868,2025-06-18,4.3263,2025-10-29,4.1237
2025-02-14,4.5,2025-03-19,4.4868,2025-06-18,4.3427,2025-10-29,4.12
2025-02-15,4.5,2025-03-19,4.4842,2025-06-18,4.3263,2025-10-29,4.1625
2025-02-16,4.5,2025-03-19,4.4842,2025-06-18,4.3225,2025-10-29,4.1612
2025-02-17,4.5,2025-03-19,4.4855,2025-06-18,4.3263,2025-10-29,4.165
2025-02-18,4.5,2025-03-19,4.4842,2025-06-18,4.3225,2025-10-29,4.1638
2025-02-19,4.5,2025-03-19,4.4868,2025-06-18,4.3238,2025-10-29,4.1638
2025-02-20,4.5,2025-03-19,4.4855,2025-06-18,4.3269,2025-10-29,4.1638
2025-02-21,4.5,2025-03-19,4.4818,2025-06-18,4.355,2025-10-29,4.16
2025-02-22,4.5,2025-03-19,4.4825,2025-06-18,4.3425,2025-10-29,4.1562
2025-02-23,4.5,2025-03-19,4.485,2025-06-18,4.3413,2025-10-29,4.1612
2025-02-24,4.5,2025-03-19,4.485,2025-06-18,4.3301,2025-10-29,4.15
2025-02-25,4.5,2025-03-19,4.4837,2025-06-18,4.275,2025-10-29,4.1538
2025-02-26,4.5,2025-03-19,4.4837,2025-06-18,4.275,2025-10-29,4.1562
2025-02-27,4.5,2025-03-19,4.4837,2025-06-18,4.2812,2025-10-29,4.1562
2025-02-28,4.5,2025-03-19,4.4812,2025-06-18,4.2762,2025-10-29,4.1425
2025-03-01,4.5,2025-03-19,4.4812,2025-06-18,4.2725,2025-10-29,4.1412
2025-03-02,4.5,2025-03-19,4.48,2025-06-18,4.2662,2025-10-29,4.0975
2025-03-03,4.5,2025-03-19,4.4753,2025-06-18,4.1938,2025-10-29,3.941
2025-03-04,4.5,2025-03-19,4.4753,2025-06-18,4.1688,2025-10-29,3.936
2025-03-05,4.5,2025-03-19,4.4728,2025-06-18,4.17,2025-10-29,3.951
2025-03-06,4.5,2025-03-19,4.4739,2025-06-18,4.1712,2025-10-29,3.9698
2025-03-07,4.5,2025-03-19,4.4903,2025-06-18,4.165,2025-10-29,3.9623
2025-03-08,4.5,2025-03-19,4.4903,2025-06-18,4.1725,2025-10-29,3.9623
2025-03-09,4.5,2025-03-19,4.4903,2025-06-18,4.1725,2025-10-29,3.9623
2025-03-10,4.5,2025-03-19,4.4838,2025-06-18,4.17,2025-10-29,3.9625
2025-03-11,4.5,2025-03-19,4.4904,2025-06-18,4.2088,2025-10-29,3.95
2025-03-12,4.5,2025-03-19,4.4938,2025-06-18,4.2275,2025-10-29,3.9788
2025-03-13,4.5,2025-03-19,4.4938,2025-06-18,4.2225,2025-10-29,
2025-03-14,4.5,2025-03-19,4.495,2025-06-18,4.2262,2025-10-29,3.9512
2025-03-15,4.5,2025-03-19,4.495,2025-06-18,4.2288,2025-10-29,3.9488
2025-03-16,4.5,2025-03-19,4.495,2025-06-18,4.2238,2025-10-29,3.9437
2025-03-17,4.5,2025-03-19,4.4938,2025-06-18,4.2212,2025-10-29,3.9462
2025-03-18,4.5,2025-03-19,4.4962,2025-06-18,4.2425,2025-10-29,3.9675
2025-03-19,4.5,2025-03-19,4.4962,2025-06-18,4.2588,2025-10-29,3.9475
2025-03-20,4.5,2025-05-07,4.4338,2025-07-30,4.1575,2025-12-10,
2025-03-21,4.5,2025-05-07,4.43,2025-07-30,4.1562,2025-12-10,
2025-03-22,4.5,2025-05-07,4.4299,2025-07-30,4.1562,2025-12-10,
2025-03-23,4.5,2025-05-07,4.4286,2025-07-30,4.1575,2025-12-10,
2025-03-24,4.5,2025-05-07,4.44,2025-07-30,4.1575,2025-12-10,
2025-03-25,4.5,2025-05-07,4.4412,2025-07-30,4.1612,2025-12-10,3.9489
2025-03-26,4.5,2025-05-07,4.4447,2025-07-30,4.1587,2025-12-10,
2025-03-27,4.5,2025-05-07,4.4402,2025-07-30,4.155,2025-12-10,
2025-03-28,4.5,2025-05-07,4.4339,2025-07-30,4.1525,2025-12-10,
2025-03-29,4.5,2025-05-07,4.4362,2025-07-30,4.1525,2025-12-10,
2025-03-30,4.5,2025-05-07,4.4436,2025-07-30,4.1525,2025-12-10,
2025-03-31,4.5,2025-05-07,4.4435,2025-07-30,4.1525,2025-12-10,
2025-04-01,4.5,2025-05-07,4.4385,2025-07-30,4.1588,2025-12-10,
2025-04-02,4.5,2025-05-07,4.431,2025-07-30,4.1525,2025-12-10,
2025-04-03,4.5,2025-05-07,4.4135,2025-07-30,4.1625,2025-12-10,
2025-04-04,4.5,2025-05-07,4.4036,2025-07-30,4.0988,2025-12-10,
2025-04-05,4.5,2025-05-07,4.3927,2025-07-30,4.0963,2025-12-10,
2025-04-06,4.5,2025-05-07,4.3698,2025-07-30,4.147,2025-12-10,
2025-04-07,4.5,2025-05-07,4.3726,2025-07-30,4.0838,2025-12-10,
2025-04-08,4.5,2025-05-07,4.3475,2025-07-30,4.0625,2025-12-10,
2025-04-09,4.5,2025-05-07,4.4286,2025-07-30,4.0737,2025-12-10,
2025-04-10,4.5,2025-05-07,4.4012,2025-07-30,4.0787,2025-12-10,
2025-04-11,4.5,2025-05-07,4.415,2025-07-30,4.08,2025-12-10,
2025-04-12,4.5,2025-05-07,4.4275,2025-07-30,4.0825,2025-12-10,
2025-04-13,4.5,2025-05-07,4.42,2025-07-30,4.0825,2025-12-10,
2025-04-14,4.5,2025-05-07,4.43,2025-07-30,4.0825,2025-12-10,
2025-04-15,4.5,2025-05-07,4.4412,2025-07-30,4.0825,2025-12-10,
2025-04-16,4.5,2025-05-07,4.4512,2025-07-30,4.0812,2025-12-10,
2025-04-17,4.5,2025-05-07,4.4662,2025-07-30,4.0988,2025-12-10,
2025-04-18,4.5,2025-05-07,4.455,2025-07-30,4.0925,2025-12-10,
2025-04-19,4.5,2025-05-07,4.455,2025-07-30,4.0975,2025-12-10,
2025-04-20,4.5,2025-05-07,4.4487,2025-07-30,4.0887,2025-12-10,
2025-04-21,4.5,2025-05-07,4.455,2025-07-30,4.09,2025-12-10,
2025-04-22,4.5,2025-05-07,4.4612,2025-07-30,4.0925,2025-12-10,
2025-04-23,4.5,2025-05-07,4.465,2025-07-30,4.085,2025-12-10,
2025-04-24,4.5,2025-05-07,4.4637,2025-07-30,4.0862,2025-12-10,
2025-04-25,4.5,2025-05-07,4.4612,2025-07-30,4.09,2025-12-10,
2025-04-26,4.5,2025-05-07,4.46,2025-07-30,4.1225,2025-12-10,
2025-04-27,4.5,2025-05-07,4.4612,2025-07-30,4.125,2025-12-10,
2025-04-28,4.5,2025-05-07,4.4588,2025-07-30,4.1237,2025-12-10,
2025-04-29,4.5,2025-05-07,4.455,2025-07-30,4.13,2025-12-10,
2025-04-30,4.5,2025-05-07,4.47,2025-07-30,4.13,2025-12-10,
2025-05-01,4.5,2025-05-07,4.48,2025-07-30,4.1375,2025-12-10,
2025-05-02,4.5,2025-05-07,4.49,2025-07-30,4.2038,2025-12-10,
2025-05-03,4.5,2025-05-07,4.4888,2025-07-30,4.205,2025-12-10,
2025-05-04,4.5,2025-05-07,4.4888,2025-07-30,4.205,2025-12-10,
2025-05-05,4.5,2025-05-07,4.4912,2025-07-30,4.205,2025-12-10,
2025-05-06,4.5,2025-05-07,4.4888,2025-07-30,4.2138,2025-12-10,
2025-05-07,4.5,2025-05-07,,2025-07-30,4.265,2025-12-10,
2025-05-08,4.5,2025-06-18,4.4478,2025-09-17,4.0188,2026-01-28,
2025-05-09,4.5,2025-06-18,4.4425,2025-09-17,4.0162,2026-01-28,
2025-05-10,4.5,2025-06-18,4.4465,2025-09-17,4.0252,2026-01-28,
2025-05-11,4.5,2025-06-18,4.4499,2025-09-17,4.0165,2026-01-28,
2025-05-12,4.5,2025-06-18,4.4688,2025-09-17,4.104,2026-01-28,
2025-05-13,4.5,2025-06-18,4.47,2025-09-17,4.1078,2026-01-28,
2025-05-14,4.5,2025-06-18,4.4711,2025-09-17,4.15,2026-01-28,
2025-05-15,4.5,2025-06-18,4.4686,2025-09-17,4.1512,2026-01-28,
2025-05-16,4.5,2025-06-18,4.4662,2025-09-17,4.1512,2026-01-28,
2025-05-17,4.5,2025-06-18,4.4662,2025-09-17,4.155,2026-01-28,
2025-05-18,4.5,2025-06-18,4.4662,2025-09-17,4.1588,2026-01-28,
2025-05-19,4.5,2025-06-18,4.4673,2025-09-17,4.175,2026-01-28,
2025-05-20,4.5,2025-06-18,4.4723,2025-09-17,4.1988,2026-01-28,
2025-05-21,4.5,2025-06-18,4.4788,2025-09-17,4.2012,2026-01-28,
2025-05-22,4.5,2025-06-18,4.4775,2025-09-17,4.2012,2026-01-28,
2025-05-23,4.5,2025-06-18,4.48,2025-09-17,,2026-01-28,
2025-05-24,4.5,2025-06-18,4.4825,2025-09-17,,2026-01-28,
2025-05-25,4.5,2025-06-18,4.4825,2025-09-17,,2026-01-28,
2025-05-26,4.5,2025-06-18,4.4812,2025-09-17,,2026-01-28,
2025-05-27,4.5,2025-06-18,4.485,2025-09-17,4.2275,2026-01-28,
2025-05-28,4.5,2025-06-18,4.4862,2025-09-17,4.245,2026-01-28,
2025-05-29,4.5,2025-06-18,4.4877,2025-09-17,4.21,2026-01-28,
2025-05-30,4.5,2025-06-18,4.485,2025-09-17,4.2175,2026-01-28,
2025-05-31,4.5,2025-06-18,4.485,2025-09-17,4.2213,2026-01-28,
2025-06-01,4.5,2025-06-18,4.4862,2025-09-17,4.2213,2026-01-28,
2025-06-02,4.5,2025-06-18,4.4862,2025-09-17,4.22,2026-01-28,
2025-06-03,4.5,2025-06-18,4.4875,2025-09-17,,2026-01-28,
2025-06-04,4.5,2025-06-18,4.49,2025-09-17,4.2575,2026-01-28,
2025-06-05,4.5,2025-06-18,4.4887,2025-09-17,4.2525,2026-01-28,
2025-06-06,4.5,2025-06-18,4.4938,2025-09-17,4.26,2026-01-28,
2025-06-07,4.5,2025-06-18,4.4938,2025-09-17,,2026-01-28,
2025-06-08,4.5,2025-06-18,4.4938,2025-09-17,,2026-01-28,
2025-06-09,4.5,2025-06-18,4.4938,2025-09-17,,2026-01-28,
2025-06-10,4.5,2025-06-18,4.4925,2025-09-17,,2026-01-28,
2025-06-11,4.5,2025-06-18,4.4938,2025-09-17,4.25,2026-01-28,
2025-06-12,4.5,2025-06-18,4.485,2025-09-17,4.2125,2026-01-28,
2025-06-13,4.5,2025-06-18,4.4875,2025-09-17,4.2125,2026-01-28,
2025-06-14,4.5,2025-06-18,4.4875,2025-09-17,4.2188,2026-01-28,
2025-06-15,4.5,2025-06-18,4.4925,2025-09-17,4.2188,2026-01-28,
2025-06-16,4.5,2025-06-18,4.49,2025-09-17,4.2262,2026-01-28,
2025-06-17,4.5,2025-06-18,4.4938,2025-09-17,4.2375,2026-01-28,
2025-06-18,4.5,2025-06-18,,2025-09-17,4.2388,2026-01-28,
2025-06-19,4.5,2025-07-30,4.4775,2025-10-29,4.125,2026-03-18,
2025-06-20,4.5,2025-07-30,4.4588,2025-10-29,4.1188,2026-03-18,
2025-06-21,4.5,2025-07-30,4.4588,2025-10-29,4.1188,2026-03-18,
2025-06-22,4.5,2025-07-30,4.4612,2025-10-29,4.1138,2026-03-18,
2025-06-23,4.5,2025-07-30,4.4338,2025-10-29,4.0862,2026-03-18,
2025-06-24,4.5,2025-07-30,4.4425,2025-10-29,4.0987,2026-03-18,
2025-06-25,4.5,2025-07-30,4.4338,2025-10-29,4.0962,2026-03-18,
2025-06-26,4.5,2025-07-30,4.4325,2025-10-29,4.0862,2026-03-18,
2025-06-27,4.5,2025-07-30,4.445,2025-10-29,4.0662,2026-03-18,
2025-06-28,4.5,2025-07-30,4.4488,2025-10-29,4.0725,2026-03-18,
2025-06-29,4.5,2025-07-30,4.4488,2025-10-29,4.0688,2026-03-18,
2025-06-30,4.5,2025-07-30,4.4487,2025-10-29,4.065,2026-03-18,
2025-07-01,4.5,2025-07-30,4.4462,2025-10-29,4.0737,2026-03-18,
2025-07-02,4.5,2025-07-30,4.4362,2025-10-29,4.0612,2026-03-18,
2025-07-03,4.5,2025-07-30,4.4812,2025-10-29,4.15,2026-03-18,
2025-07-04,4.5,2025-07-30,4.4812,2025-10-29,4.1488,2026-03-18,
2025-07-05,4.5,2025-07-30,4.48,2025-10-29,4.1488,2026-03-18,
2025-07-06,4.5,2025-07-30,4.4788,2025-10-29,4.1475,2026-03-18,
2025-07-07,4.5,2025-07-30,4.48,2025-10-29,4.1501,2026-03-18,
2025-07-08,4.5,2025-07-30,4.4812,2025-10-29,4.155,2026-03-18,
2025-07-09,4.5,2025-07-30,4.4825,2025-10-29,4.1575,2026-03-18,
2025-07-10,4.5,2025-07-30,4.4862,2025-10-29,4.1575,2026-03-18,
2025-07-11,4.5,2025-07-30,4.485,2025-10-29,4.1587,2026-03-18,
2025-07-12,4.5,2025-07-30,4.485,2025-10-29,4.1663,2026-03-18,
2025-07-13,4.5,2025-07-30,4.485,2025-10-29,4.1663,2026-03-18,
2025-07-14,4.5,2025-07-30,4.4825,2025-10-29,4.1662,2026-03-18,
2025-07-15,4.5,2025-07-30,4.4912,2025-10-29,4.195,2026-03-18,
2025-07-16,4.5,2025-07-30,4.4814,2025-10-29,4.18,2026-03-18,
2025-07-17,4.5,2025-07-30,4.4812,2025-10-29,4.185,2026-03-18,
2025-07-18,4.5,2025-07-30,4.4825,2025-10-29,4.1938,2026-03-18,
2025-07-19,4.5,2025-07-30,4.4812,2025-10-29,4.1925,2026-03-18,
2025-07-20,4.5,2025-07-30,4.4812,2025-10-29,4.1962,2026-03-18,
2025-07-21,4.5,2025-07-30,4.4838,2025-10-29,4.1988,2026-03-18,
2025-07-22,4.5,2025-07-30,4.4825,2025-10-29,4.2038,2026-03-18,
2025-07-23,4.5,2025-07-30,4.4838,2025-10-29,4.2025,2026-03-18,
2025-07-24,4.5,2025-07-30,4.4875,2025-10-29,4.2037,2026-03-18,
2025-07-25,4.5,2025-07-30,4.4838,2025-10-29,4.2075,2026-03-18,
2025-07-26,4.5,2025-07-30,4.4838,2025-10-29,4.2025,2026-03-18,
2025-07-27,4.5,2025-07-30,4.4862,2025-10-29,4.2,2026-03-18,
2025-07-28,4.5,2025-07-30,4.4888,2025-10-29,4.2,2026-03-18,
2025-07-29,4.5,2025-07-30,4.4912,2025-10-29,4.2037,2026-03-18,
2025-07-30,4.5,2025-07-30,,2025-10-29,4.2175,2026-03-18,
2025-07-31,4.5,2025-09-17,4.3937,2025-12-10,4.0875,2026-04-29,
2025-08-01,4.5,2025-09-17,4.2709,2025-12-10,4.015,2026-04-29,
2025-08-02,4.5,2025-09-17,4.2746,2025-12-10,4.0138,2026-04-29,
2025-08-03,4.5,2025-09-17,4.2734,2025-12-10,4.0113,2026-04-29,
2025-08-04,4.5,2025-09-17,4.2711,2025-12-10,3.9988,2026-04-29,
2025-08-05,4.5,2025-09-17,4.2838,2025-12-10,3.9913,2026-04-29,
2025-08-06,4.5,2025-09-17,4.2762,2025-12-10,3.9725,2026-04-29,3.8038
2025-08-07,4.5,2025-09-17,4.2748,2025-12-10,3.9725,2026-04-29,3.8062
2025-08-08,4.5,2025-09-17,4.2736,2025-12-10,3.9825,2026-04-29,3.8062
2025-08-09,4.5,2025-09-17,4.2748,2025-12-10,3.98,2026-04-29,3.8062
2025-08-10,4.5,2025-09-17,4.2723,2025-12-10,3.9712,2026-04-29,3.8062
2025-08-11,4.5,2025-09-17,4.2873,2025-12-10,3.9738,2026-04-29,3.8062
2025-08-12,4.5,2025-09-17,4.2675,2025-12-10,3.9612,2026-04-29,3.8062
2025-08-13,4.5,2025-09-17,4.2495,2025-12-10,3.9675,2026-04-29,3.8062
2025-08-14,4.5,2025-09-17,4.2911,2025-12-10,3.9513,2026-04-29,3.8062
2025-08-15,4.5,2025-09-17,4.305,2025-12-10,3.9824,2026-04-29,3.8062
2025-08-16,4.5,2025-09-17,4.3094,2025-12-10,3.9862,2026-04-29,3.8062
2025-08-17,4.5,2025-09-17,4.3044,2025-12-10,3.9888,2026-04-29,3.8062
2025-08-18,4.5,2025-09-17,4.3013,2025-12-10,3.9913,2026-04-29,3.8062
2025-08-19,4.5,2025-09-17,4.2918,2025-12-10,3.995,2026-04-29,3.8062
2025-08-20,4.5,2025-09-17,4.3162,2025-12-10,3.99,2026-04-29,3.8062
2025-08-21,4.5,2025-09-17,4.3287,2025-12-10,4.0012,2026-04-29,3.8062
2025-08-22,4.5,2025-09-17,4.2849,2025-12-10,3.9775,2026-04-29,3.7812
2025-08-23,4.5,2025-09-17,4.2761,2025-12-10,3.9838,2026-04-29,3.7787
2025-08-24,4.5,2025-09-17,4.2799,2025-12-10,3.9862,2026-04-29,3.7787
2025-08-25,4.5,2025-09-17,4.295,2025-12-10,3.9788,2026-04-29,
2025-08-26,4.5,2025-09-17,4.2837,2025-12-10,3.9763,2026-04-29,3.7625
2025-08-27,4.5,2025-09-17,4.2875,2025-12-10,3.9762,2026-04-29,3.7625
2025-08-28,4.5,2025-09-17,4.2812,2025-12-10,3.975,2026-04-29,3.7625
2025-08-29,4.5,2025-09-17,4.2775,2025-12-10,3.9725,2026-04-29,3.7625
2025-08-30,4.5,2025-09-17,4.2775,2025-12-10,3.9675,2026-04-29,3.7625
2025-08-31,4.5,2025-09-17,4.2783,2025-12-10,3.9713,2026-04-29,3.7625
2025-09-01,4.5,2025-09-17,4.2763,2025-12-10,3.9673,2026-04-29,3.76
2025-09-02,4.5,2025-09-17,4.27,2025-12-10,3.965,2026-04-29,3.7525
2025-09-03,4.5,2025-09-17,4.2561,2025-12-10,3.9562,2026-04-29,
2025-09-04,4.5,2025-09-17,4.2512,2025-12-10,3.95,2026-04-29,3.7325
2025-09-05,4.5,2025-09-17,4.225,2025-12-10,3.8863,2026-04-29,
2025-09-06,4.5,2025-09-17,4.23,2025-12-10,3.89,2026-04-29,
2025-09-07,4.5,2025-09-17,4.2312,2025-12-10,3.8762,2026-04-29,
2025-09-08,4.5,2025-09-17,4.2175,2025-12-10,3.8825,2026-04-29,
2025-09-09,4.5,2025-09-17,4.225,2025-12-10,3.8863,2026-04-29,
2025-09-10,4.5,2025-09-17,4.2213,2025-12-10,3.885,2026-04-29,
2025-09-11,4.5,2025-09-17,4.2287,2025-12-10,3.865,2026-04-29,
2025-09-12,4.5,2025-09-17,4.2411,2025-12-10,3.8762,2026-04-29,
2025-09-13,4.5,2025-09-17,4.2373,2025-12-10,3.8886,2026-04-29,
2025-09-14,4.5,2025-09-17,4.2373,2025-12-10,3.8899,2026-04-29,3.6963
2025-09-15,4.5,2025-09-17,4.235,2025-12-10,3.8924,2026-04-29,3.6938
2025-09-16,4.5,2025-09-17,4.2412,2025-12-10,3.8749,2026-04-29,3.6925
2025-09-17,4.5,2025-09-17,,2025-12-10,3.8135,2026-04-29,
2025-09-18,4.25,2025-10-29,4.02,2026-01-28,3.8138,2026-06-17,
2025-09-19,4.25,2025-10-29,4.0225,2026-01-28,3.8138,2026-06-17,
2025-09-20,4.25,2025-10-29,4.0188,2026-01-28,3.7975,2026-06-17,
2025-09-21,4.25,2025-10-29,4.0188,2026-01-28,3.7975,2026-06-17,
2025-09-22,4.25,2025-10-29,4.0212,2026-01-28,3.7975,2026-06-17,
2025-09-23,4.25,2025-10-29,4.0188,2026-01-28,3.7975,2026-06-17,
2025-09-24,4.25,2025-10-29,4.0238,2026-01-28,3.7725,2026-06-17,
2025-09-25,4.25,2025-10-29,4.0325,2026-01-28,3.78,2026-06-17,
2025-09-26,4.25,2025-10-29,4.035,2026-01-28,3.78,2026-06-17,
2025-09-27,4.25,2025-10-29,4.0325,2026-01-28,3.7838,2026-06-17,
2025-09-28,4.25,2025-10-29,4.0325,2026-01-28,3.7838,2026-06-17,
2025-09-29,4.25,2025-10-29,4.0325,2026-01-28,3.7838,2026-06-17,
2025-09-30,4.25,2025-10-29,4.025,2026-01-28,3.7812,2026-06-17,
2025-10-01,4.25,2025-10-29,4.015,2026-01-28,3.7838,2026-06-17,
2025-10-02,4.25,2025-10-29,4.015,2026-01-28,3.7813,2026-06-17,
2025-10-03,4.25,2025-10-29,4.0138,2026-01-28,3.7813,2026-06-17,
2025-10-04,4.25,2025-10-29,4.0125,2026-01-28,3.7813,2026-06-17,
2025-10-05,4.25,2025-10-29,4.0113,2026-01-28,3.7825,2026-06-17,
2025-10-06,4.25,2025-10-29,4.01,2026-01-28,3.7812,2026-06-17,
2025-10-07,4.25,2025-10-29,4.0125,2026-01-28,3.775,2026-06-17,
2025-10-08,4.25,2025-10-29,4.0138,2026-01-28,3.7738,2026-06-17,
2025-10-09,4.25,2025-10-29,4.0162,2026-01-28,3.7738,2026-06-17,
2025-10-10,4.25,2025-10-29,4.0062,2026-01-28,3.7725,2026-06-17,
2025-10-11,4.25,2025-10-29,4.0075,2026-01-28,3.7675,2026-06-17,
2025-10-12,4.25,2025-10-29,4.0075,2026-01-28,3.7688,2026-06-17,
2025-10-13,4.25,2025-10-29,4.0075,2026-01-28,3.7662,2026-06-17,
2025-10-14,4.25,2025-10-29,4.0138,2026-01-28,3.755,2026-06-17,
2025-10-15,4.25,2025-10-29,4.0125,2026-01-28,3.7512,2026-06-17,
2025-10-16,4.25,2025-10-29,4.005,2026-01-28,3.735,2026-06-17,
2025-10-17,4.25,2025-10-29,4.0,2026-01-28,3.7262,2026-06-17,
2025-10-18,4.25,2025-10-29,4.0,2026-01-28,3.725,2026-06-17,
2025-10-19,4.25,2025-10-29,3.995,2026-01-28,3.7112,2026-06-17,
2025-10-20,4.25,2025-10-29,3.9988,2026-01-28,3.7125,2026-06-17,
2025-10-21,4.25,2025-10-29,3.9962,2026-01-28,3.7138,2026-06-17,
2025-10-22,4.25,2025-10-29,3.9937,2026-01-28,3.7224,2026-06-17,
2025-10-23,4.25,2025-10-29,4.0025,2026-01-28,3.7261,2026-06-17,
2025-10-24,4.25,2025-10-29,3.9988,2026-01-28,3.7261,2026-06-17,
2025-10-25,4.25,2025-10-29,4.0,2026-01-28,3.7286,2026-06-17,
2025-10-26,4.25,2025-10-29,4.0025,2026-01-28,3.7174,2026-06-17,
2025-10-27,4.25,2025-10-29,4.0025,2026-01-28,3.7213,2026-06-17,
2025-10-28,4.25,2025-10-29,4.0012,2026-01-28,3.7213,2026-06-17,
2025-10-29,4.25,2025-10-29,,2026-01-28,3.7362,2026-06-17,
2025-10-30,4.0,2025-12-10,3.815,2026-03-18,3.6812,2026-07-29,
2025-10-31,4.0,2025-12-10,3.8175,2026-03-18,3.6662,2026-07-29,
2025-11-01,4.0,2025-12-10,3.8183,2026-03-18,3.6662,2026-07-29,
2025-11-02,4.0,2025-12-10,3.8221,2026-03-18,3.6662,2026-07-29,
2025-11-03,4.0,2025-12-10,3.8253,2026-03-18,3.6675,2026-07-29,
2025-11-04,4.0,2025-12-10,3.8223,2026-03-18,3.6688,2026-07-29,
2025-11-05,4.0,2025-12-10,3.8212,2026-03-18,3.6663,2026-07-29,
2025-11-06,4.0,2025-12-10,3.8125,2026-03-18,3.66,2026-07-29,
2025-11-07,4.0,2025-12-10,3.81,2026-03-18,3.6562,2026-07-29,
2025-11-08,4.0,2025-12-10,3.8139,2026-03-18,3.6562,2026-07-29,
2025-11-09,4.0,2025-12-10,3.8062,2026-03-18,3.6488,2026-07-29,
2025-11-10,4.0,2025-12-10,3.8238,2026-03-18,3.655,2026-07-29,
2025-11-11,4.0,2025-12-10,3.8138,2026-03-18,3.65,2026-07-29,
2025-11-12,4.0,2025-12-10,3.8237,2026-03-18,3.6575,2026-07-29,
2025-11-13,4.0,2025-12-10,3.8637,2026-03-18,3.6612,2026-07-29,
2025-11-14,4.0,2025-12-10,3.865,2026-03-18,3.6475,2026-07-29,
2025-11-15,4.0,2025-12-10,3.87,2026-03-18,3.6475,2026-07-29,
2025-11-16,4.0,2025-12-10,3.8688,2026-03-18,3.6538,2026-07-29,
2025-11-17,4.0,2025-12-10,3.88,2026-03-18,3.6538,2026-07-29,
2025-11-18,4.0,2025-12-10,3.865,2026-03-18,3.67,2026-07-29,
2025-11-19,4.0,2025-12-10,3.92,2026-03-18,3.6638,2026-07-29,
2025-11-20,4.0,2025-12-10,3.9112,2026-03-18,3.6638,2026-07-29,
2025-11-21,4.0,2025-12-10,3.8237,2026-03-18,3.6512,2026-07-29,
2025-11-22,4.0,2025-12-10,3.83,2026-03-18,3.635,2026-07-29,
2025-11-23,4.0,2025-12-10,3.8315,2026-03-18,3.6288,2026-07-29,
2025-11-24,4.0,2025-12-10,3.7992,2026-03-18,3.6275,2026-07-29,
2025-11-25,4.0,2025-12-10,3.7923,2026-03-18,3.5988,2026-07-29,
2025-11-26,4.0,2025-12-10,3.7923,2026-03-18,3.595,2026-07-29,
2025-11-27,4.0,2025-12-10,3.7923,2026-03-18,3.5938,2026-07-29,
2025-11-28,4.0,2025-12-10,3.786,2026-03-18,3.5938,2026-07-29,
2025-11-29,4.0,2025-12-10,3.785,2026-03-18,3.5938,2026-07-29,
2025-11-30,4.0,2025-12-10,3.7825,2026-03-18,3.5938,2026-07-29,
2025-12-01,4.0,2025-12-10,3.7862,2026-03-18,3.6,2026-07-29,
2025-12-02,4.0,2025-12-10,3.7738,2026-03-18,3.6012,2026-07-29,
2025-12-03,4.0,2025-12-10,3.7675,2026-03-18,3.6012,2026-07-29,
2025-12-04,4.0,2025-12-10,3.77,2026-03-18,3.6038,2026-07-29,
2025-12-05,4.0,2025-12-10,3.7675,2026-03-18,3.6025,2026-07-29,
2025-12-06,4.0,2025-12-10,3.7675,2026-03-18,3.6025,2026-07-29,
2025-12-07,4.0,2025-12-10,3.7675,2026-03-18,3.6025,2026-07-29,
2025-12-08,4.0,2025-12-10,3.7688,2026-03-18,3.6025,2026-07-29,
2025-12-09,4.0,2025-12-10,3.7612,2026-03-18,3.6038,2026-07-29,
2025-12-10,4.0,2025-12-10,,2026-03-18,3.6038,2026-07-29,
2025-12-11,3.75,2026-01-28,3.7186,2026-04-29,3.5725,2026-09-16,
2025-12-12,3.75,2026-01-28,3.7077,2026-04-29,3.5888,2026-09-16,
2025-12-13,3.75,2026-01-28,3.7065,2026-04-29,3.5888,2026-09-16,
2025-12-14,3.75,2026-01-28,3.7062,2026-04-29,3.5888,2026-09-16,
2025-12-15,3.75,2026-01-28,3.705,2026-04-29,3.59,2026-09-16,
2025-12-16,3.75,2026-01-28,3.6968,2026-04-29,3.5638,2026-09-16,
2025-12-17,3.75,2026-01-28,3.6955,2026-04-29,3.5612,2026-09-16,
2025-12-18,3.75,2026-01-28,3.6656,2026-04-29,3.56,2026-09-16,
2025-12-19,3.75,2026-01-28,3.6493,2026-04-29,3.56,2026-09-16,
2025-12-20,3.75,2026-01-28,3.6861,2026-04-29,3.56,2026-09-16,
2025-12-21,3.75,2026-01-28,3.6986,2026-04-29,3.56,2026-09-16,
2025-12-22,3.75,2026-01-28,3.6176,2026-04-29,3.56,2026-09-16,
2025-12-23,3.75,2026-01-28,3.7129,2026-04-29,3.56,2026-09-16,
2025-12-24,3.75,2026-01-28,3.7117,2026-04-29,3.56,2026-09-16,
2025-12-25,3.75,2026-01-28,3.7243,2026-04-29,3.56,2026-09-16,
2025-12-26,3.75,2026-01-28,3.7214,2026-04-29,3.56,2026-09-16,
2025-12-27,3.75,2026-01-28,3.7222,2026-04-29,3.56,2026-09-16,
2025-12-28,3.75,2026-01-28,3.7247,2026-04-29,3.56,2026-09-16,
2025-12-29,3.75,2026-01-28,3.7135,2026-04-29,3.5862,2026-09-16,
2025-12-30,3.75,2026-01-28,3.721,2026-04-29,3.5862,2026-09-16,
2025-12-31,3.75,2026-01-28,3.7218,2026-04-29,3.5862,2026-09-16,
2026-01-01,3.75,2026-01-28,3.7288,2026-04-29,3.5838,2026-09-16,
2026-01-02,3.75,2026-01-28,3.731,2026-04-29,3.58,2026-09-16,
2026-01-03,3.75,2026-01-28,3.7325,2026-04-29,3.58,2026-09-16,
2026-01-04,3.75,2026-01-28,3.7334,2026-04-29,3.5812,2026-09-16,
2026-01-05,3.75,2026-01-28,3.7298,2026-04-29,3.5786,2026-09-16,
2026-01-06,3.75,2026-01-28,3.7288,2026-04-29,3.5812,2026-09-16,
2026-01-07,3.75,2026-01-28,3.7275,2026-04-29,3.56,2026-09-16,
2026-01-08,3.75,2026-01-28,3.7359,2026-04-29,3.5588,2026-09-16,
2026-01-09,3.75,2026-01-28,3.7473,2026-04-29,3.5763,2026-09-16,
2026-01-10,3.75,2026-01-28,3.7471,2026-04-29,3.5763,2026-09-16,
2026-01-11,3.75,2026-01-28,3.7496,2026-04-29,3.5763,2026-09-16,
2026-01-12,3.75,2026-01-28,3.744,2026-04-29,3.5738,2026-09-16,
2026-01-13,3.75,2026-01-28,3.7464,2026-04-29,3.58,2026-09-16,
2026-01-14,3.75,2026-01-28,3.7425,2026-04-29,3.58,2026-09-16,
2026-01-15,3.75,2026-01-28,3.745,2026-04-29,3.58,2026-09-16,
2026-01-16,3.75,2026-01-28,3.7437,2026-04-29,3.5738,2026-09-16,
2026-01-17,3.75,2026-01-28,3.7488,2026-04-29,3.5738,2026-09-16,
2026-01-18,3.75,2026-01-28,3.7511,2026-04-29,3.5712,2026-09-16,
2026-01-19,3.75,2026-01-28,3.7525,2026-04-29,3.5775,2026-09-16,
2026-01-20,3.75,2026-01-28,3.75,2026-04-29,3.5775,2026-09-16,
2026-01-21,3.75,2026-01-28,3.7488,2026-04-29,3.5775,2026-09-16,
2026-01-22,3.75,2026-01-28,3.7462,2026-04-29,3.5925,2026-09-16,
2026-01-23,3.75,2026-01-28,3.7525,2026-04-29,3.6038,2026-09-16,
2026-01-24,3.75,2026-01-28,3.7525,2026-04-29,3.605,2026-09-16,
2026-01-25,3.75,2026-01-28,3.7538,2026-04-29,3.605,2026-09-16,
2026-01-26,3.75,2026-01-28,3.7538,2026-04-29,3.605,2026-09-16,
2026-01-27,3.75,2026-01-28,3.7538,2026-04-29,3.605,2026-09-16,
2026-01-28,3.75,2026-01-28,,2026-04-29,3.6088,2026-09-16,
2026-01-29,3.75,2026-03-18,3.7262,2026-06-17,,2026-10-28,
2026-01-30,3.75,2026-03-18,3.735,2026-06-17,,2026-10-28,
2026-01-31,3.75,2026-03-18,3.7288,2026-06-17,,2026-10-28,
2026-02-01,3.75,2026-03-18,3.7375,2026-06-17,,2026-10-28,
2026-02-02,3.75,2026-03-18,3.7362,2026-06-17,,2026-10-28,
2026-02-03,3.75,2026-03-18,3.7288,2026-06-17,,2026-10-28,
2026-02-04,3.75,2026-03-18,3.7375,2026-06-17,,2026-10-28,
2026-02-05,3.75,2026-03-18,3.7125,2026-06-17,,2026-10-28,
2026-02-06,3.75,2026-03-18,3.7211,2026-06-17,,2026-10-28,
2026-02-07,3.75,2026-03-18,3.7238,2026-06-17,3.5225,2026-10-28,
2026-02-08,3.75,2026-03-18,3.72,2026-06-17,3.5075,2026-10-28,
2026-02-09,3.75,2026-03-18,3.7187,2026-06-17,3.5287,2026-10-28,
2026-02-10,3.75,2026-03-18,3.7075,2026-06-17,3.5287,2026-10-28,
2026-02-11,3.75,2026-03-18,3.73,2026-06-17,3.5362,2026-10-28,
2026-02-12,3.75,2026-03-18,3.7338,2026-06-17,,2026-10-28,
2026-02-13,3.75,2026-03-18,3.7312,2026-06-17,3.465,2026-10-28,
2026-02-14,3.75,2026-03-18,3.7325,2026-06-17,3.4812,2026-10-28,
2026-02-15,3.75,2026-03-18,3.7325,2026-06-17,3.5108,2026-10-28,
2026-02-16,3.75,2026-03-18,3.7325,2026-06-17,3.512,2026-10-28,
2026-02-17,3.75,2026-03-18,3.735,2026-06-17,3.4912,2026-10-28,
2026-02-18,3.75,2026-03-18,3.7424,2026-06-17,3.4816,2026-10-28,
2026-02-19,3.75,2026-03-18,3.7312,2026-06-17,3.4666,2026-10-28,
2026-02-20,3.75,2026-03-18,3.7312,2026-06-17,3.4753,2026-10-28,
2026-02-21,3.75,2026-03-18,3.7362,2026-06-17,3.5147,2026-10-28,
2026-02-22,3.75,2026-03-18,3.7262,2026-06-17,3.4985,2026-10-28,
2026-02-23,3.75,2026-03-18,3.7362,2026-06-17,3.5091,2026-10-28,
2026-02-24,3.75,2026-03-18,3.7375,2026-06-17,3.5218,2026-10-28,
2026-02-25,3.75,2026-03-18,3.745,2026-06-17,3.5455,2026-10-28,
2026-02-26,3.75,2026-03-18,3.7475,2026-06-17,3.5512,2026-10-28,
2026-02-27,3.75,2026-03-18,3.7438,2026-06-17,3.5792,2026-10-28,
2026-02-28,3.75,2026-03-18,3.7438,2026-06-17,3.6025,2026-10-28,
2026-03-01,3.75,2026-03-18,3.7425,2026-06-17,3.5866,2026-10-28,
2026-03-02,3.75,2026-03-18,3.7439,2026-06-17,3.5933,2026-10-28,
2026-03-03,3.75,2026-03-18,3.7438,2026-06-17,3.5933,2026-10-28,
2026-03-04,3.75,2026-03-18,3.7462,2026-06-17,3.6283,2026-10-28,
2026-03-05,3.75,2026-03-18,3.75,2026-06-17,3.6299,2026-10-28,
2026-03-06,3.75,2026-03-18,3.7462,2026-06-17,3.5892,2026-10-28,
2026-03-07,3.75,2026-03-18,3.7462,2026-06-17,3.585,2026-10-28,
2026-03-08,3.75,2026-03-18,3.7462,2026-06-17,3.585,2026-10-28,
2026-03-09,3.75,2026-03-18,3.7462,2026-06-17,,2026-10-28,
2026-03-10,3.75,2026-03-18,3.7475,2026-06-17,,2026-10-28,
2026-03-11,3.75,2026-03-18,3.7538,2026-06-17,,2026-10-28,
2026-03-12,3.75,2026-03-18,3.7512,2026-06-17,,2026-10-28,
2026-03-13,3.75,2026-03-18,3.7538,2026-06-17,3.6283,2026-10-28,
2026-03-14,3.75,2026-03-18,3.7538,2026-06-17,3.6434,2026-10-28,
2026-03-15,3.75,2026-03-18,3.7525,2026-06-17,3.6134,2026-10-28,
2026-03-16,3.75,2026-03-18,3.7525,2026-06-17,3.5669,2026-10-28,
2026-03-17,3.75,2026-03-18,3.7538,2026-06-17,3.6266,2026-10-28,
2026-03-18,3.75,2026-03-18,,2026-06-17,3.6465,2026-10-28,
2026-03-19,3.75,2026-04-29,3.7475,2026-07-29,,2026-12-09,
2026-03-20,3.75,2026-04-29,3.7546,2026-07-29,,2026-12-09,
2026-03-21,3.75,2026-04-29,3.7538,2026-07-29,3.7477,2026-12-09,
2026-03-22,3.75,2026-04-29,3.755,2026-07-29,3.6675,2026-12-09,
2026-03-23,3.75,2026-04-29,3.7538,2026-07-29,3.6863,2026-12-09,
2026-03-24,3.75,2026-04-29,3.7562,2026-07-29,3.7112,2026-12-09,
2026-03-25,3.75,2026-04-29,3.7538,2026-07-29,,2026-12-09,
2026-03-26,3.75,2026-04-29,3.7575,2026-07-29,,2026-12-09,
2026-03-27,3.75,2026-04-29,3.765,2026-07-29,,2026-12-09,
2026-03-28,3.75,2026-04-29,3.7538,2026-07-29,,2026-12-09,
2026-03-29,3.75,2026-04-29,3.7525,2026-07-29,,2026-12-09,
2026-03-30,3.75,2026-04-29,3.7562,2026-07-29,3.6325,2026-12-09,
2026-03-31,3.75,2026-04-29,3.7538,2026-07-29,3.6462,2026-12-09,
2026-04-01,3.75,2026-04-29,3.7488,2026-07-29,3.6437,2026-12-09,
2026-04-02,3.75,2026-04-29,3.7488,2026-07-29,3.66,2026-12-09,
2026-04-03,3.75,2026-04-29,3.7512,2026-07-29,3.66,2026-12-09,
2026-04-04,3.75,2026-04-29,3.7488,2026-07-29,3.6875,2026-12-09,
2026-04-05,3.75,2026-04-29,3.7488,2026-07-29,3.6887,2026-12-09,
2026-04-06,3.75,2026-04-29,3.7475,2026-07-29,3.6725,2026-12-09,
2026-04-07,3.75,2026-04-29,3.75,2026-07-29,3.645,2026-12-09,
2026-04-08,3.75,2026-04-29,3.7525,2026-07-29,3.665,2026-12-09,
2026-04-09,3.75,2026-04-29,3.7538,2026-07-29,3.6763,2026-12-09,
2026-04-10,3.75,2026-04-29,3.7538,2026-07-29,3.6875,2026-12-09,
2026-04-11,3.75,2026-04-29,3.7538,2026-07-29,3.6787,2026-12-09,
2026-04-12,3.75,2026-04-29,3.7525,2026-07-29,3.6812,2026-12-09,
2026-04-13,3.75,2026-04-29,3.7525,2026-07-29,3.6812,2026-12-09,
2026-04-14,3.75,2026-04-29,3.7512,2026-07-29,3.665,2026-12-09,
2026-04-15,3.75,2026-04-29,3.7525,2026-07-29,3.675,2026-12-09,
2026-04-16,3.75,2026-04-29,3.7525,2026-07-29,3.6625,2026-12-09,
2026-04-17,3.75,2026-04-29,3.7512,2026-07-29,3.6538,2026-12-09,
2026-04-18,3.75,2026-04-29,3.7512,2026-07-29,3.6538,2026-12-09,
2026-04-19,3.75,2026-04-29,3.7525,2026-07-29,3.6512,2026-12-09,
2026-04-20,3.75,2026-04-29,3.7538,2026-07-29,3.6662,2026-12-09,
2026-04-21,3.75,2026-04-29,3.755,2026-07-29,3.645,2026-12-09,
2026-04-22,3.75,2026-04-29,3.755,2026-07-29,3.6588,2026-12-09,
2026-04-23,3.75,2026-04-29,3.755,2026-07-29,3.6662,2026-12-09,
2026-04-24,3.75,2026-04-29,3.7525,2026-07-29,3.6638,2026-12-09,
2026-04-25,3.75,2026-04-29,3.7538,2026-07-29,3.6688,2026-12-09,
2026-04-26,3.75,2026-04-29,3.7538,2026-07-29,3.67,2026-12-09,
2026-04-27,3.75,2026-04-29,3.7538,2026-07-29,3.675,2026-12-09,
2026-04-28,3.75,2026-04-29,3.7538,2026-07-29,3.6737,2026-12-09,
2026-04-29,3.75,2026-04-29,,2026-07-29,3.72,2026-12-09,
2026-04-30,3.75,2026-06-17,3.73,2026-09-16,3.6388,2027-01-27,
2026-05-01,3.75,2026-06-17,3.7362,2026-09-16,3.6513,2027-01-27,
2026-05-02,3.75,2026-06-17,3.7402,2026-09-16,3.6788,2027-01-27,
2026-05-03,3.75,2026-06-17,3.7412,2026-09-16,3.7362,2027-01-27,
2026-05-04,3.75,2026-06-17,3.7426,2026-09-16,3.7387,2027-01-27,
2026-05-05,3.75,2026-06-17,3.7438,2026-09-16,3.74,2027-01-27,
2026-05-06,3.75,2026-06-17,3.745,2026-09-16,3.725,2027-01-27,
2026-05-07,3.75,2026-06-17,3.7425,2026-09-16,3.7588,2027-01-27,
2026-05-08,3.75,2026-06-17,3.7438,2026-09-16,3.7488,2027-01-27,
2026-05-09,3.75,2026-06-17,3.745,2026-09-16,3.7412,2027-01-27,
2026-05-10,3.75,2026-06-17,3.745,2026-09-16,3.7438,2027-01-27,
2026-05-11,3.75,2026-06-17,3.7475,2026-09-16,3.7362,2027-01-27,
2026-05-12,3.75,2026-06-17,3.7425,2026-09-16,3.7462,2027-01-27,
2026-05-13,3.75,2026-06-17,3.7438,2026-09-16,3.76,2027-01-27,
2026-05-14,3.75,2026-06-17,3.7411,2026-09-16,3.7738,2027-01-27,
2026-05-15,3.75,2026-06-17,3.7438,2026-09-16,3.7762,2027-01-27,
2026-05-16,3.75,2026-06-17,3.7462,2026-09-16,3.7812,2027-01-27,3.2769
2026-05-17,3.75,2026-06-17,3.75,2026-09-16,3.78,2027-01-27,3.2609
2026-05-18,3.75,2026-06-17,3.7488,2026-09-16,3.7788,2027-01-27,3.22
2026-05-19,3.75,2026-06-17,3.7488,2026-09-16,3.7736,2027-01-27,3.3863
2026-05-20,3.75,2026-06-17,3.7462,2026-09-16,3.7712,2027-01-27,3.3136
2026-05-21,3.75,2026-06-17,3.75,2026-09-16,3.7723,2027-01-27,3.3136
2026-05-22,3.75,2026-06-17,3.7475,2026-09-16,3.7724,2027-01-27,3.397
2026-05-23,3.75,2026-06-17,3.7462,2026-09-16,3.79,2027-01-27,3.4981
2026-05-24,3.75,2026-06-17,3.75,2026-09-16,3.81,2027-01-27,
2026-05-25,3.75,2026-06-17,3.7612,2026-09-16,3.8038,2027-01-27,
2026-05-26,3.75,2026-06-17,3.755,2026-09-16,3.8175,2027-01-27,3.0115
2026-05-27,3.75,2026-06-17,3.7512,2026-09-16,3.8175,2027-01-27,3.1345
2026-05-28,3.75,2026-06-17,3.7512,2026-09-16,3.8025,2027-01-27,3.1497
2026-05-29,3.75,2026-06-17,3.7512,2026-09-16,3.825,2027-01-27,3.0537
2026-05-30,3.75,2026-06-17,3.7488,2026-09-16,3.8025,2027-01-27,3.1293
2026-05-31,3.75,2026-06-17,3.7512,2026-09-16,3.8025,2027-01-27,
2026-06-01,3.75,2026-06-17,3.7525,2026-09-16,3.7999,2027-01-27,
2026-06-02,3.75,2026-06-17,3.7538,2026-09-16,3.8232,2027-01-27,
2026-06-03,3.75,2026-06-17,3.7525,2026-09-16,3.8275,2027-01-27,
2026-06-04,3.75,2026-06-17,3.7488,2026-09-16,3.79,2027-01-27,
2026-06-05,3.75,2026-06-17,3.7525,2026-09-16,3.8312,2027-01-27,
2026-06-06,3.75,2026-06-17,3.7512,2026-09-16,3.8275,2027-01-27,
2026-06-07,3.75,2026-06-17,3.7512,2026-09-16,3.8275,2027-01-27,
2026-06-08,3.75,2026-06-17,3.7512,2026-09-16,3.8331,2027-01-27,
2026-06-09,3.75,2026-06-17,3.7512,2026-09-16,3.8386,2027-01-27,
2026-06-10,3.75,2026-06-17,3.7538,2026-09-16,3.8255,2027-01-27,
2026-06-11,3.75,2026-06-17,3.7538,2026-09-16,3.8342,2027-01-27,
2026-06-12,3.75,2026-06-17,3.7525,2026-09-16,3.8377,2027-01-27,
2026-06-13,3.75,2026-06-17,3.7536,2026-09-16,3.8377,2027-01-27,
2026-06-14,3.75,2026-06-17,3.7538,2026-09-16,3.8177,2027-01-27,3.4575
2026-06-15,3.75,2026-06-17,3.7525,2026-09-16,3.808,2027-01-27,
2026-06-16,3.75,2026-06-17,3.7538,2026-09-16,3.8074,2027-01-27,
2026-06-17,3.75,2026-06-17,,2026-09-16,3.8627,2027-01-27,
2026-06-18,3.75,2026-07-29,3.8125,2026-10-28,3.9172,2027-03-17,
2026-06-19,3.75,2026-07-29,3.8188,2026-10-28,3.9223,2027-03-17,
2026-06-20,3.75,2026-07-29,3.8162,2026-10-28,3.9214,2027-03-17,
2026-06-21,3.75,2026-07-29,3.805,2026-10-28,3.9363,2027-03-17,
2026-06-22,3.75,2026-07-29,3.8125,2026-10-28,3.8963,2027-03-17,
2026-06-23,3.75,2026-07-29,3.8088,2026-10-28,3.895,2027-03-17,
2026-06-24,3.75,2026-07-29,3.8075,2026-10-28,3.9088,2027-03-17,
2026-06-25,3.75,2026-07-29,3.7963,2026-10-28,3.9549,2027-03-17,
2026-06-26,3.75,2026-07-29,3.7922,2026-10-28,3.9099,2027-03-17,
2026-06-27,3.75,2026-07-29,3.7888,2026-10-28,3.9074,2027-03-17,
2026-06-28,3.75,2026-07-29,3.7875,2026-10-28,3.8849,2027-03-17,
2026-06-29,3.75,2026-07-29,3.7938,2026-10-28,3.8974,2027-03-17,
2026-06-30,3.75,2026-07-29,3.7938,2026-10-28,3.9225,2027-03-17,
2026-07-01,3.75,2026-07-29,3.79,2026-10-28,3.92,2027-03-17,3.8158
2026-07-02,3.75,2026-07-29,3.7675,2026-10-28,3.9362,2027-03-17,
2026-07-03,3.75,2026-07-29,3.7762,2026-10-28,3.9525,2027-03-17,
2026-07-04,3.75,2026-07-29,3.7825,2026-10-28,3.9256,2027-03-17,3.5499
2026-07-05,3.75,2026-07-29,3.7788,2026-10-28,3.9269,2027-03-17,3.4968
2026-07-06,3.75,2026-07-29,3.7925,2026-10-28,3.9206,2027-03-17,3.4663
2026-07-07,3.75,2026-07-29,3.795,2026-10-28,3.8938,2027-03-17,3.5403
2026-07-08,3.75,2026-07-29,3.7988,2026-10-28,3.8962,2027-03-17,3.3793
2026-07-09,3.75,2026-07-29,3.7862,2026-10-28,3.885,2027-03-17,
2026-07-10,3.75,2026-07-29,3.7988,2026-10-28,3.8625,2027-03-17,
2026-07-11,3.75,2026-07-29,3.805,2026-10-28,3.8638,2027-03-17,3.4064
2026-07-12,3.75,2026-07-29,3.8088,2026-10-28,3.8738,2027-03-17,
2026-07-13,3.75,2026-07-29,3.8325,2026-10-28,3.9325,2027-03-17,
2026-07-14,3.75,2026-07-29,3.7688,2026-10-28,3.8906,2027-03-17,
2026-07-15,3.75,2026-07-29,3.7612,2026-10-28,3.8838,2027-03-17,
2026-07-16,3.75,2026-07-29,3.7612,2026-10-28,3.8973,2027-03-17,3.6598
2026-07-17,3.75,2026-07-29,3.7638,2026-10-28,3.9275,2027-03-17,
2026-07-18,3.75,2026-07-29,3.7662,2026-10-28,3.8685,2027-03-17,
2026-07-19,3.75,2026-07-29,3.7662,2026-10-28,3.8712,2027-03-17,
2026-07-20,3.75,2026-07-29,3.7688,2026-10-28,3.8411,2027-03-17,3.6746
2026-07-21,3.75,2026-07-29,3.7912,2026-10-28,3.9188,2027-03-17,3.6654
2026-07-22,3.75,2026-07-29,3.8212,2026-10-28,3.87,2027-03-17,3.6174
2026-07-23,3.75,2026-07-29,3.8138,2026-10-28,3.9562,2027-03-17,
2026-07-24,3.75,2026-07-29,3.8162,2026-10-28,3.9562,2027-03-17,
2026-07-25,3.75,2026-07-29,3.8125,2026-10-28,3.9425,2027-03-17,
2026-07-26,3.75,2026-07-29,3.8025,2026-10-28,3.9463,2027-03-17,
2026-07-27,3.75,2026-07-29,3.8237,2026-10-28,3.96,2027-03-17,
2026-07-28,3.75,2026-07-29,3.8162,2026-10-28,3.9663,2027-03-17,3.6873
2026-07-29,3.75,2026-07-29,,2026-10-28,3.93,2027-03-17,
2026-07-30,3.75,2026-09-16,3.9,2026-12-09,3.9825,2027-04-28,
2026-07-31,3.75,2026-09-16,3.9062,2026-12-09,4.0012,2027-04-28,
2026-08-01,3.75,2026-09-16,3.9088,2026-12-09,4.0075,2027-04-28,
2026-08-02,3.75,2026-09-16,3.9012,2026-12-09,4.0112,2027-04-28,
2026-08-03,3.75,2026-09-16,3.8912,2026-12-09,3.99,2027-04-28,
2026-08-04,3.75,2026-09-16,3.875,2026-12-09,3.985,2027-04-28,
2026-08-05,3.75,2026-09-16,3.8825,2026-12-09,3.9788,2027-04-28,
2026-08-06,3.75,2026-09-16,3.88,2026-12-09,3.9788,2027-04-28,
2026-08-07,3.75,2026-09-16,3.84,2026-12-09,3.9525,2027-04-28,
2026-08-08,3.75,2026-09-16,3.835,2026-12-09,3.9325,2027-04-28,
2026-08-09,3.75,2026-09-16,3.8362,2026-12-09,3.9312,2027-04-28,
2026-08-10,3.75,2026-09-16,3.8637,2026-12-09,3.9188,2027-04-28,
2026-08-11,3.75,2026-09-16,3.8462,2026-12-09,3.9188,2027-04-28,
2026-08-12,3.75,2026-09-16,3.8412,2026-12-09,3.9162,2027-04-28,
2026-08-13,3.75,2026-09-16,3.825,2026-12-09,3.9088,2027-04-28,
2026-08-14,3.75,2026-09-16,3.8175,2026-12-09,3.9062,2027-04-28,
2026-08-15,3.75,2026-09-16,3.8162,2026-12-09,3.9062,2027-04-28,
2026-08-16,3.75,2026-09-16,3.8138,2026-12-09,3.9087,2027-04-28,
2026-08-17,3.75,2026-09-16,3.83,2026-12-09,3.8975,2027-04-28,
2026-08-18,3.75,2026-09-16,3.825,2026-12-09,3.8925,2027-04-28,
2026-08-19,3.75,2026-09-16,3.8212,2026-12-09,3.8875,2027-04-28,
2026-08-20,3.75,2026-09-16,3.8237,2026-12-09,3.8788,2027-04-28,
2026-08-21,3.75,2026-09-16,3.8337,2026-12-09,3.88,2027-04-28,
2026-08-22,3.75,2026-09-16,3.8312,2026-12-09,3.8825,2027-04-28,
2026-08-23,3.75,2026-09-16,3.8362,2026-12-09,3.8825,2027-04-28,
2026-08-24,3.75,2026-09-16,3.8362,2026-12-09,3.8862,2027-04-28,
2026-08-25,3.75,2026-09-16,3.8388,2026-12-09,3.8887,2027-04-28,
2026-08-26,3.75,2026-09-16,3.8337,2026-12-09,3.8912,2027-04-28,
2026-08-27,3.75,2026-09-16,3.8287,2026-12-09,3.9,2027-04-28,
2026-08-28,3.75,2026-09-16,3.87,2026-12-09,3.9723,2027-04-28,
2026-08-29,3.75,2026-09-16,3.8712,2026-12-09,3.9623,2027-04-28,
2026-08-30,3.75,2026-09-16,3.8812,2026-12-09,3.9861,2027-04-28,
2026-08-31,3.75,2026-09-16,3.9012,2026-12-09,3.9985,2027-04-28,
2026-09-01,3.75,2026-09-16,3.9075,2026-12-09,3.9985,2027-04-28,
2026-09-02,3.75,2026-09-16,3.8912,2026-12-09,4.0223,2027-04-28,
2026-09-03,3.75,2026-09-16,3.8662,2026-12-09,4.0085,2027-04-28,
2026-09-04,3.75,2026-09-16,3.8775,2026-12-09,4.0185,2027-04-28,
2026-09-05,3.75,2026-09-16,3.8837,2026-12-09,4.0223,2027-04-28,
2026-09-06,3.75,2026-09-16,3.88,2026-12-09,4.0248,2027-04-28,
2026-09-07,3.75,2026-09-16,3.8862,2026-12-09,4.0235,2027-04-28,
2026-09-08,3.75,2026-09-16,3.8912,2026-12-09,4.0248,2027-04-28,
2026-09-09,3.75,2026-09-16,3.8912,2026-12-09,4.031,2027-04-28,
2026-09-10,3.75,2026-09-16,3.915,2026-12-09,4.031,2027-04-28,
2026-09-11,3.75,2026-09-16,3.9562,2026-12-09,4.1112,2027-04-28,
2026-09-12,3.75,2026-09-16,3.955,2026-12-09,4.1138,2027-04-28,
2026-09-13,3.75,2026-09-16,3.9538,2026-12-09,4.1425,2027-04-28,
2026-09-14,3.75,2026-09-16,3.9712,2026-12-09,4.19,2027-04-28,
2026-09-15,3.75,2026-09-16,3.9688,2026-12-09,4.2075,2027-04-28,
2026-09-16,3.75,2026-09-16,,2026-12-09,4.2661,2027-04-28,
2026-09-17,4.0,2026-10-28,4.1288,2027-01-27,,2027-06-09,
2026-09-18,4.0,2026-10-28,4.1438,2027-01-27,,2027-06-09,
2026-09-19,4.0,2026-10-28,4.1412,2027-01-27,,2027-06-09,
2026-09-20,4.0,2026-10-28,4.1362,2027-01-27,,2027-06-09,
2026-09-21,4.0,2026-10-28,4.13,2027-01-27,,2027-06-09,
2026-09-22,4.0,2026-10-28,4.1314,2027-01-27,,2027-06-09,
2026-09-23,4.0,2026-10-28,4.1627,2027-01-27,,2027-06-09,
2026-09-24,4.0,2026-10-28,4.1702,2027-01-27,,2027-06-09,
2026-09-25,4.0,2026-10-28,4.1614,2027-01-27,,2027-06-09,
2026-09-26,4.0,2026-10-28,4.1614,2027-01-27,,2027-06-09,
2026-09-27,4.0,2026-10-28,4.1639,2027-01-27,,2027-06-09,
