ticker,event_ticker,event_title,meeting_date,strike,status,result,open_time,close_time,volume,historical,title
FED-21JUL-T0.25,FED-21JUL,"Fed funds rate, July 2021 meeting?",2021-07-26,0.25,finalized,no,2021-07-02T14:00:00Z,2021-07-26T23:00:00Z,8679.0,True,Will the target federal funds rate be above 0.25%?
FED-21SEP-T0.25,FED-21SEP,"Fed funds rate, September 2021 meeting?",2021-09-20,0.25,finalized,no,2021-07-29T14:00:00Z,2021-09-20T23:00:00Z,3226.0,True,Will the target federal funds rate be above 0.25%?
FED-21DEC-T0.25,FED-21DEC,Fed funds rate in Dec 2021 meeting?,2021-12-14,0.25,finalized,no,2021-11-15T20:30:00Z,2021-12-14T00:00:00Z,2704.0,True,Will the **target federal funds rate** be above 0.25%?
FED-22JAN-T0.25,FED-22JAN,Fed funds rate in Jan 2022 meeting?,2022-01-26,0.25,finalized,no,2021-12-27T15:00:00Z,2022-01-26T18:55:00Z,14233.0,True,Will the federal funds rate be above 0.25% following the Fed's January meeting?
FED-22MAR-T0.25,FED-22MAR,Fed funds rate in Mar 2022 meeting?,2022-03-16,0.25,finalized,yes,2021-12-27T15:00:00Z,2022-03-16T17:55:00Z,254128.0,True,Will the federal funds rate be above 0.25% following the Fed's March meeting?
FED-22MAR-T0.5,FED-22MAR,Fed funds rate in Mar 2022 meeting?,2022-03-16,0.5,finalized,no,2022-01-19T15:00:00Z,2022-03-16T17:55:00Z,339524.0,True,Will the **federal funds rate** be above 0.5% following the Fed's March meeting?
FED-22MAR-T0.75,FED-22MAR,Fed funds rate in Mar 2022 meeting?,2022-03-16,0.75,finalized,no,2022-02-11T15:00:00Z,2022-03-16T17:55:00Z,15328.0,True,Will the **federal funds rate** be above 0.75% following the Fed's March meeting?
FED-22MAY-T0.25,FED-22MAY,Fed funds rate in May 2022 meeting?,2022-05-04,0.25,finalized,yes,2021-12-27T15:00:00Z,2022-05-04T17:55:00Z,27816.0,True,Will the federal funds rate be above 0.25% following the Fed's May meeting?
FED-22MAY-T0.5,FED-22MAY,Fed funds rate in May 2022 meeting?,2022-05-04,0.5,finalized,yes,2022-02-11T15:00:00Z,2022-05-04T17:55:00Z,41999.0,True,Will the **federal funds rate** be above 0.5% following the Fed's May meeting?
FED-22MAY-T0.75,FED-22MAY,Fed funds rate in May 2022 meeting?,2022-05-04,0.75,finalized,yes,2022-02-11T15:00:00Z,2022-05-04T17:55:00Z,255319.0,True,Will the **federal funds rate** be above 0.75% following the Fed's May meeting?
FED-22MAY-T1,FED-22MAY,Fed funds rate in May 2022 meeting?,2022-05-04,1.0,finalized,no,2022-02-11T15:00:00Z,2022-05-04T17:55:00Z,102724.0,True,Will the **federal funds rate** be above 1.00% following the Fed's May meeting?
FED-22JUN-T0.25,FED-22JUN,Fed funds rate in Jun 2022 meeting?,2022-06-15,0.25,finalized,yes,2021-12-27T15:00:00Z,2022-06-15T17:55:00Z,6032.0,True,Will the federal funds rate be above 0.25% following the Fed's June meeting?
FED-22JUN-T0.5,FED-22JUN,Fed funds rate in Jun 2022 meeting?,2022-06-15,0.5,finalized,yes,2021-12-27T15:00:00Z,2022-06-15T17:55:00Z,38965.0,True,Will the federal funds rate be above 0.5% following the Fed's June meeting?
FED-22JUN-T0.75,FED-22JUN,Fed funds rate in Jun 2022 meeting?,2022-06-15,0.75,finalized,yes,2022-02-11T15:00:00Z,2022-06-15T17:55:00Z,28024.0,True,Will the **federal funds rate** be above 0.75% following the Fed's June meeting?
FED-22JUN-T1,FED-22JUN,Fed funds rate in Jun 2022 meeting?,2022-06-15,1.0,finalized,yes,2022-02-11T15:00:00Z,2022-06-15T17:55:00Z,51470.0,True,Will the **federal funds rate** be above 1.00% following the Fed's June meeting?
FED-22JUN-T1.25,FED-22JUN,Fed funds rate in Jun 2022 meeting?,2022-06-15,1.25,finalized,yes,2022-02-11T15:00:00Z,2022-06-15T17:55:00Z,84201.0,True,Will the **federal funds rate** be above 1.25% following the Fed's June meeting?
FED-22JUN-T1.50,FED-22JUN,Fed funds rate in Jun 2022 meeting?,2022-06-15,1.5,finalized,yes,2022-04-17T14:00:31Z,2022-06-15T17:55:45Z,267422.0,True,Will the federal funds rate be above 1.50% following the Fed's June meeting?
FED-22JUN-T1.75,FED-22JUN,Fed funds rate in Jun 2022 meeting?,2022-06-15,1.75,finalized,no,2022-04-17T14:00:03Z,2022-06-15T17:55:14Z,94942.0,True,Will the federal funds rate be above 1.75% following the Fed's June meeting?
FED-22JUL-T0.25,FED-22JUL,Fed funds rate in Jul 2022 meeting?,2022-07-27,0.25,finalized,yes,2021-12-27T15:00:00Z,2022-07-27T17:55:00Z,9187.0,True,Will the federal funds rate be above 0.25% following the Fed's July meeting?
FED-22JUL-T0.5,FED-22JUL,Fed funds rate in Jul 2022 meeting?,2022-07-27,0.5,finalized,yes,2022-02-11T15:00:00Z,2022-07-27T17:55:00Z,5214.0,True,Will the **federal funds rate** be above 0.5% following the Fed's July meeting?
FED-22JUL-T0.75,FED-22JUL,Fed funds rate in Jul 2022 meeting?,2022-07-27,0.75,finalized,yes,2022-02-11T15:00:00Z,2022-07-27T17:55:00Z,10863.0,True,Will the **federal funds rate** be above 0.75% following the Fed's July meeting?
FED-22JUL-T1,FED-22JUL,Fed funds rate in Jul 2022 meeting?,2022-07-27,1.0,finalized,yes,2022-02-12T15:00:00Z,2022-07-27T17:55:00Z,22035.0,True,Will the **federal funds rate** be above 1.00% following the Fed's July meeting?
FED-22JUL-T1.25,FED-22JUL,Fed funds rate in Jul 2022 meeting?,2022-07-27,1.25,finalized,yes,2022-02-11T15:00:00Z,2022-07-27T17:55:00Z,27162.0,True,Will the **federal funds rate** be above 1.25% following the Fed's July meeting?
FED-22JUL-T1.50,FED-22JUL,Fed funds rate in Jul 2022 meeting?,2022-07-27,1.5,finalized,yes,2022-04-17T15:00:26Z,2022-07-27T17:55:37Z,10083.0,True,Will the federal funds rate be above 1.50% following the Fed's July meeting?
FED-22JUL-T1.75,FED-22JUL,Fed funds rate in Jul 2022 meeting?,2022-07-27,1.75,finalized,yes,2022-04-17T15:00:18Z,2022-07-27T17:55:48Z,29156.0,True,Will the federal funds rate be above 1.75% following the Fed's July meeting?
FED-22JUL-T2.00,FED-22JUL,Fed funds rate in Jul 2022 meeting?,2022-07-27,2.0,finalized,yes,2022-04-17T15:00:43Z,2022-07-27T17:55:02Z,69729.0,True,Will the federal funds rate be above 2.00% following the Fed's July meeting?
FED-22JULY-T2.25,FED-22JUL,Fed funds rate in Jul 2022 meeting?,2022-07-27,2.25,finalized,yes,2022-05-02T18:05:33Z,2022-07-27T17:55:00Z,195114.0,True,Will the federal funds rate be above 2.25% following the Fed's July meeting?
FED-22JULY-T2.50,FED-22JUL,Fed funds rate in Jul 2022 meeting?,2022-07-27,2.5,finalized,no,2022-06-14T15:00:00Z,2022-07-27T17:55:00Z,333111.0,True,Will the federal funds rate be above 2.50% following the Fed's July meeting?
FED-22JUL-T2.75,FED-22JUL,Fed funds rate in Jul 2022 meeting?,2022-07-27,2.75,finalized,no,2022-06-15T15:45:00Z,2022-07-27T17:55:00Z,33982.0,True,Will the federal funds rate be above 2.75% following the Fed's July meeting?
FED-22SEP-T0.25,FED-22SEP,Fed funds rate in Sep 2022 meeting?,2022-09-21,0.25,finalized,yes,2021-12-27T15:00:00Z,2022-09-21T17:55:00Z,343.0,True,Will the **federal funds rate** be above 0.25% following the Fed's September meeting?
FED-22SEP-T0.5,FED-22SEP,Fed funds rate in Sep 2022 meeting?,2022-09-21,0.5,finalized,yes,2022-02-11T15:00:00Z,2022-09-21T17:55:00Z,407.0,True,Will the **federal funds rate** be above 0.5% following the Fed's September meeting?
FED-22SEP-T0.75,FED-22SEP,Fed funds rate in Sep 2022 meeting?,2022-09-21,0.75,finalized,yes,2022-02-11T15:00:00Z,2022-09-21T17:55:00Z,3928.0,True,Will the **federal funds rate** be above 0.75% following the Fed's September meeting?
FED-22SEP-T1,FED-22SEP,Fed funds rate in Sep 2022 meeting?,2022-09-21,1.0,finalized,yes,2022-02-11T15:00:00Z,2022-09-21T17:55:00Z,7139.0,True,Will the **federal funds rate** be above 1.00% following the Fed's September meeting?
FED-22SEP-T1.25,FED-22SEP,Fed funds rate in Sep 2022 meeting?,2022-09-21,1.25,finalized,yes,2022-02-11T15:00:00Z,2022-09-21T17:55:00Z,7548.0,True,Will the **federal funds rate** be above 1.25% following the Fed's September meeting?
FED-22SEP-T1.5,FED-22SEP,Fed funds rate in Sep 2022 meeting?,2022-09-21,1.5,finalized,yes,2022-02-11T15:00:00Z,2022-09-21T17:55:00Z,15043.0,True,Will the **federal funds rate** be above 1.5% following the Fed's September meeting?
FED-22SEP-T1.75,FED-22SEP,Fed funds rate in Sep 2022 meeting?,2022-09-21,1.75,finalized,yes,2022-04-17T15:00:46Z,2022-09-21T17:55:59Z,4394.0,True,Will the federal funds rate be above 1.75% following the Fed's September meeting?
FED-22SEP-T2.00,FED-22SEP,Fed funds rate in Sep 2022 meeting?,2022-09-21,2.0,finalized,yes,2022-04-17T15:00:45Z,2022-09-21T17:55:54Z,13267.0,True,Will the federal funds rate be above 2.00% following the Fed's September meeting?
FED-22SEP-T2.25,FED-22SEP,Fed funds rate in Sep 2022 meeting?,2022-09-21,2.25,finalized,yes,2022-04-17T15:00:00Z,2022-09-21T17:55:16Z,23484.0,True,Will the federal funds rate be above 2.25% following the Fed's September meeting?
FED-22SEP-T2.50,FED-22SEP,Fed funds rate in Sep 2022 meeting?,2022-09-21,2.5,finalized,yes,2022-05-02T18:15:32Z,2022-09-21T17:55:14Z,60268.0,True,Will the federal funds rate be above 2.50% following the Fed's September meeting?
FED-22SEP-T2.75,FED-22SEP,Fed funds rate in Sep 2022 meeting?,2022-09-21,2.75,finalized,yes,2022-06-14T15:15:00Z,2022-09-21T17:55:00Z,221167.0,True,Will the federal funds rate be above 2.75% following the Fed's September meeting?
FED-22SEP-T3.00,FED-22SEP,Fed funds rate in Sep 2022 meeting?,2022-09-21,3.0,finalized,yes,2022-06-14T15:15:00Z,2022-09-21T17:55:00Z,512904.0,True,Will the federal funds rate be above 3.00% following the Fed's September meeting?
FED-22SEP-T3.25,FED-22SEP,Fed funds rate in Sep 2022 meeting?,2022-09-21,3.25,finalized,no,2022-06-14T15:25:00Z,2022-09-21T17:55:00Z,437116.0,True,Will the federal funds rate be above 3.25% following the Fed's September meeting?
FED-22SEP-T3.50,FED-22SEP,Fed funds rate in Sep 2022 meeting?,2022-09-21,3.5,finalized,no,2022-06-15T15:45:00Z,2022-09-21T17:55:00Z,49675.0,True,Will the federal funds rate be above 3.50% following the Fed's September meeting?
FED-22NOV-T0.25,FED-22NOV,Fed funds rate in Nov 2022 meeting?,2022-11-02,0.25,finalized,yes,2021-12-27T15:00:00Z,2022-11-02T17:55:00Z,1046.0,True,Will the **federal funds rate** be above 0.25% following the Fed's November meeting?
FED-22NOV-T0.5,FED-22NOV,Fed funds rate in Nov 2022 meeting?,2022-11-02,0.5,finalized,yes,2022-02-11T15:00:00Z,2022-11-02T17:55:00Z,80.0,True,Will the **federal funds rate** be above 0.5% following the Fed's November meeting?
FED-22NOV-T0.75,FED-22NOV,Fed funds rate in Nov 2022 meeting?,2022-11-02,0.75,finalized,yes,2022-02-11T15:00:00Z,2022-11-02T17:55:00Z,1617.0,True,Will the **federal funds rate** be above 0.75% following the Fed's November meeting?
FED-22NOV-T1,FED-22NOV,Fed funds rate in Nov 2022 meeting?,2022-11-02,1.0,finalized,yes,2022-02-12T15:00:00Z,2022-11-02T17:55:00Z,1510.0,True,Will the **federal funds rate** be above 1.00% following the Fed's November meeting?
FED-22NOV-T1.25,FED-22NOV,Fed funds rate in Nov 2022 meeting?,2022-11-02,1.25,finalized,yes,2022-02-11T15:00:00Z,2022-11-02T17:55:00Z,2485.0,True,Will the **federal funds rate** be above 1.25% following the Fed's November meeting?
FED-22NOV-T1.5,FED-22NOV,Fed funds rate in Nov 2022 meeting?,2022-11-02,1.5,finalized,yes,2022-02-11T15:00:00Z,2022-11-02T17:55:00Z,2710.0,True,Will the **federal funds rate** be above 1.50% following the Fed's November meeting?
FED-22NOV-T1.75,FED-22NOV,Fed funds rate in Nov 2022 meeting?,2022-11-02,1.75,finalized,yes,2022-02-11T15:00:00Z,2022-11-02T17:55:00Z,12385.0,True,Will the **federal funds rate** be above 1.75% following the Fed's November meeting?
FED-22NOV-T2.00,FED-22NOV,Fed funds rate in Nov 2022 meeting?,2022-11-02,2.0,finalized,yes,2022-04-17T15:00:54Z,2022-11-02T17:55:04Z,3148.0,True,Will the federal funds rate be above 2.00% following the Fed's November meeting?
FED-22NOV-T2.25,FED-22NOV,Fed funds rate in Nov 2022 meeting?,2022-11-02,2.25,finalized,yes,2022-04-17T15:05:53Z,2022-11-02T17:55:25Z,6081.0,True,Will the federal funds rate be above 2.25% following the Fed's November meeting?
FED-22NOV-T2.50,FED-22NOV,Fed funds rate in Nov 2022 meeting?,2022-11-02,2.5,finalized,yes,2022-04-17T15:05:17Z,2022-11-02T17:55:28Z,21952.0,True,Will the federal funds rate be above 2.50% following the Fed's November meeting?
FED-22NOV-T2.75,FED-22NOV,Fed funds rate in Nov 2022 meeting?,2022-11-02,2.75,finalized,yes,2022-05-02T18:20:46Z,2022-11-02T17:55:59Z,26838.0,True,Will the federal funds rate be above 2.75% following the Fed's November meeting?
FED-22NOV-T3.00,FED-22NOV,Fed funds rate in Nov 2022 meeting?,2022-11-02,3.0,finalized,yes,2022-06-14T15:30:00Z,2022-11-02T17:55:00Z,20823.0,True,Will the federal funds rate be above 3.00% following the Fed's November meeting?
FED-22NOV-T3.25,FED-22NOV,Fed funds rate in Nov 2022 meeting?,2022-11-02,3.25,finalized,yes,2022-06-14T15:30:00Z,2022-11-02T17:55:00Z,78681.0,True,Will the federal funds rate be above 3.25% following the Fed's November meeting?
FED-22NOV-T3.50,FED-22NOV,Fed funds rate in Nov 2022 meeting?,2022-11-02,3.5,finalized,yes,2022-06-14T15:35:00Z,2022-11-02T17:55:00Z,94346.0,True,Will the federal funds rate be above 3.50% following the Fed's November meeting?
FED-22NOV-T3.75,FED-22NOV,Fed funds rate in Nov 2022 meeting?,2022-11-02,3.75,finalized,yes,2022-06-14T16:00:00Z,2022-11-02T17:55:00Z,265418.0,True,Will the federal funds rate be above 3.75% following the Fed's November meeting?
FED-22NOV-T4.00,FED-22NOV,Fed funds rate in Nov 2022 meeting?,2022-11-02,4.0,finalized,no,2022-06-15T15:50:00Z,2022-11-02T17:55:00Z,152397.0,True,Will the federal funds rate be above 4.00% following the Fed's November meeting?
FED-22DEC-T0.25,FED-22DEC,Fed funds rate in Dec 2022 meeting?,2022-12-14,0.25,finalized,yes,2021-12-27T15:00:00Z,2022-12-14T18:55:00Z,19056.0,True,Will the federal funds rate be above 0.25% following the Fed's December meeting?
FED-22DEC-T0.5,FED-22DEC,Fed funds rate in Dec 2022 meeting?,2022-12-14,0.5,finalized,yes,2021-12-27T15:00:00Z,2022-12-14T18:55:00Z,12032.0,True,Will the federal funds rate be above 0.5% following the Fed's December meeting?
FED-22DEC-T0.75,FED-22DEC,Fed funds rate in Dec 2022 meeting?,2022-12-14,0.75,finalized,yes,2021-12-27T15:00:00Z,2022-12-14T18:55:00Z,16931.0,True,Will the federal funds rate be above 0.75% following the Fed's December meeting?
FED-22DEC-T1,FED-22DEC,Fed funds rate in Dec 2022 meeting?,2022-12-14,1.0,finalized,yes,2022-02-11T15:00:00Z,2022-12-14T18:55:00Z,9016.0,True,Will the **federal funds rate** be above 1.00% following the Fed's December meeting?
FED-22DEC-T1.25,FED-22DEC,Fed funds rate in Dec 2022 meeting?,2022-12-14,1.25,finalized,yes,2022-02-11T15:00:00Z,2022-12-14T18:55:00Z,10305.0,True,Will the **federal funds rate** be above 1.25% following the Fed's December meeting?
FED-22DEC-T1.5,FED-22DEC,Fed funds rate in Dec 2022 meeting?,2022-12-14,1.5,finalized,yes,2022-02-11T15:00:00Z,2022-12-14T18:55:00Z,13235.0,True,Will the **federal funds rate** be above 1.50% following the Fed's December meeting?
FED-22DEC-T1.75,FED-22DEC,Fed funds rate in Dec 2022 meeting?,2022-12-14,1.75,finalized,yes,2022-02-11T15:00:00Z,2022-12-14T18:55:00Z,18746.0,True,Will the **federal funds rate** be above 1.75% following the Fed's December meeting?
FED-22DEC-T2.0,FED-22DEC,Fed funds rate in Dec 2022 meeting?,2022-12-14,2.0,finalized,yes,2022-02-11T15:00:00Z,2022-12-14T18:55:00Z,20662.0,True,Will the **federal funds rate** be above 2.00% following the Fed's December meeting?
FED-22DEC-T2.25,FED-22DEC,Fed funds rate in Dec 2022 meeting?,2022-12-14,2.25,finalized,yes,2022-02-11T15:00:00Z,2022-12-14T18:55:00Z,27645.0,True,Will the **federal funds rate** be above 2.25% following the Fed's December meeting?
FED-22DEC-T2.50,FED-22DEC,Fed funds rate in Dec 2022 meeting?,2022-12-14,2.5,finalized,yes,2022-04-17T15:10:44Z,2022-12-14T18:55:17Z,28757.0,True,Will the federal funds rate be above 2.50% following the Fed's December meeting?
FED-22DEC-T2.75,FED-22DEC,Fed funds rate in Dec 2022 meeting?,2022-12-14,2.75,finalized,yes,2022-04-17T15:10:51Z,2022-12-14T18:55:01Z,34587.0,True,Will the federal funds rate be above 2.75% following the Fed's December meeting?
FED-22DEC-T3.00,FED-22DEC,Fed funds rate in Dec 2022 meeting?,2022-12-14,3.0,finalized,yes,2022-04-17T15:10:59Z,2022-12-14T18:55:10Z,50906.0,True,Will the federal funds rate be above 3.00% following the Fed's December meeting?
FED-22DEC-T3.25,FED-22DEC,Fed funds rate in Dec 2022 meeting?,2022-12-14,3.25,finalized,yes,2022-05-02T18:35:14Z,2022-12-14T18:55:27Z,69599.0,True,Will the federal funds rate be above 3.25% following the Fed's December meeting?
FED-22DEC-T3.50,FED-22DEC,Fed funds rate in Dec 2022 meeting?,2022-12-14,3.5,finalized,yes,2022-06-13T16:00:00Z,2022-12-14T18:55:00Z,90013.0,True,Will the federal funds rate be above 3.50% following the Fed's December meeting?
FED-22DEC-T3.75,FED-22DEC,Fed funds rate in Dec 2022 meeting?,2022-12-14,3.75,finalized,yes,2022-06-14T16:05:00Z,2022-12-14T18:55:00Z,107499.0,True,Will the federal funds rate be above 3.75% following the Fed's December meeting?
FED-22DEC-T4.00,FED-22DEC,Fed funds rate in Dec 2022 meeting?,2022-12-14,4.0,finalized,yes,2022-06-14T16:05:00Z,2022-12-14T18:55:00Z,112395.0,True,Will the federal funds rate be above 4.00% following the Fed's December meeting?
FED-22DEC-T4.25,FED-22DEC,Fed funds rate in Dec 2022 meeting?,2022-12-14,4.25,finalized,yes,2022-06-14T16:10:00Z,2022-12-14T18:55:00Z,201391.0,True,Will the federal funds rate be above 4.25% following the Fed's December meeting?
FED-22DEC-T4.50,FED-22DEC,Fed funds rate in Dec 2022 meeting?,2022-12-14,4.5,finalized,no,2022-09-19T14:00:00Z,2022-12-14T18:55:00Z,377423.0,True,Will the federal funds rate be above 4.50% following the Fed's December meeting?
FED-22DEC-T4.75,FED-22DEC,Fed funds rate in Dec 2022 meeting?,2022-12-14,4.75,finalized,no,2022-09-19T14:00:00Z,2022-12-14T18:55:00Z,85811.0,True,Will the federal funds rate be above 4.75% following the Fed's December meeting?
FED-23FEB-T1.75,FED-23FEB,Fed funds rate in Feb 2023?,2023-02-01,1.75,finalized,yes,2022-08-11T14:00:00Z,2023-02-01T18:55:00Z,520.0,True,Will the upper bound of the federal funds rate be above 1.75% following the Fed's February meeting?
FED-23FEB-T2.00,FED-23FEB,Fed funds rate in Feb 2023?,2023-02-01,2.0,finalized,yes,2022-08-11T14:00:00Z,2023-02-01T18:55:00Z,1.0,True,Will the upper bound of the federal funds rate be above 2.00% following the Fed's February meeting?
FED-23FEB-T2.25,FED-23FEB,Fed funds rate in Feb 2023?,2023-02-01,2.25,finalized,yes,2022-08-11T14:00:00Z,2023-02-01T18:55:00Z,1.0,True,Will the upper bound of the federal funds rate be above 2.25% following the Fed's February meeting?
FED-23FEB-T2.50,FED-23FEB,Fed funds rate in Feb 2023?,2023-02-01,2.5,finalized,yes,2022-08-11T14:00:00Z,2023-02-01T18:55:00Z,1.0,True,Will the upper bound of the federal funds rate be above 2.50% following the Fed's February meeting?
FED-23FEB-T2.75,FED-23FEB,Fed funds rate in Feb 2023?,2023-02-01,2.75,finalized,yes,2022-08-11T14:00:00Z,2023-02-01T18:55:00Z,2.0,True,Will the upper bound of the federal funds rate be above 2.75% following the Fed's February meeting?
FED-23FEB-T3.00,FED-23FEB,Fed funds rate in Feb 2023?,2023-02-01,3.0,finalized,yes,2022-08-11T14:00:00Z,2023-02-01T18:55:00Z,2.0,True,Will the upper bound of the federal funds rate be above 3.00% following the Fed's February meeting?
FED-23FEB-T3.25,FED-23FEB,Fed funds rate in Feb 2023?,2023-02-01,3.25,finalized,yes,2022-08-11T14:00:00Z,2023-02-01T18:55:00Z,7.0,True,Will the upper bound of the federal funds rate be above 3.25% following the Fed's February meeting?
FED-23FEB-T3.50,FED-23FEB,Fed funds rate in Feb 2023?,2023-02-01,3.5,finalized,yes,2022-08-11T14:00:00Z,2023-02-01T18:55:00Z,11081.0,True,Will the upper bound of the federal funds rate be above 3.50% following the Fed's February meeting?
FED-23FEB-T3.75,FED-23FEB,Fed funds rate in Feb 2023?,2023-02-01,3.75,finalized,yes,2022-08-11T14:00:00Z,2023-02-01T18:55:00Z,9189.0,True,Will the upper bound of the federal funds rate be above 3.75% following the Fed's February meeting?
FED-23FEB-T4.00,FED-23FEB,Fed funds rate in Feb 2023?,2023-02-01,4.0,finalized,yes,2022-08-11T14:00:00Z,2023-02-01T18:55:00Z,19248.0,True,Will the upper bound of the federal funds rate be above 4.00% following the Fed's February meeting?
FED-23FEB-T4.25,FED-23FEB,Fed funds rate in Feb 2023?,2023-02-01,4.25,finalized,yes,2022-08-11T14:00:00Z,2023-02-01T18:55:00Z,24840.0,True,Will the upper bound of the federal funds rate be above 4.25% following the Fed's February meeting?
FED-23FEB-T4.50,FED-23FEB,Fed funds rate in Feb 2023?,2023-02-01,4.5,finalized,yes,2022-08-11T14:00:00Z,2023-02-01T18:55:00Z,59977.0,True,Will the upper bound of the federal funds rate be above 4.50% following the Fed's February meeting?
FED-23FEB-T4.75,FED-23FEB,Fed funds rate in Feb 2023?,2023-02-01,4.75,finalized,no,2022-08-11T14:00:00Z,2023-02-01T18:55:00Z,293030.0,True,Will the upper bound of the federal funds rate be above 4.75% following the Fed's February meeting?
FED-23FEB-T5.00,FED-23FEB,Fed funds rate in Feb 2023?,2023-02-01,5.0,finalized,no,2022-08-11T14:00:00Z,2023-02-01T18:55:00Z,121518.0,True,Will the upper bound of the federal funds rate be above 5.00% following the Fed's February meeting?
FED-23FEB-T5.25,FED-23FEB,Fed funds rate in Feb 2023?,2023-02-01,5.25,finalized,no,2022-08-11T14:00:00Z,2023-02-01T18:55:00Z,83258.0,True,Will the upper bound of the federal funds rate be above 5.25% following the Fed's February meeting?
FED-23MAR-T3.00,FED-23MAR,Fed funds rate in Mar 2023?,2023-03-22,3.0,finalized,yes,2022-10-17T14:00:00Z,2023-03-22T17:55:00Z,182.0,True,Will the upper bound of the federal funds rate be above 3.00% following the Fed's March meeting?
FED-23MAR-T3.25,FED-23MAR,Fed funds rate in Mar 2023?,2023-03-22,3.25,finalized,yes,2022-10-17T14:00:00Z,2023-03-22T17:55:00Z,82.0,True,Will the upper bound of the federal funds rate be above 3.25% following the Fed's March meeting?
FED-23MAR-T3.50,FED-23MAR,Fed funds rate in Mar 2023?,2023-03-22,3.5,finalized,yes,2022-10-17T14:00:00Z,2023-03-22T17:55:00Z,83.0,True,Will the upper bound of the federal funds rate be above 3.50% following the Fed's March meeting?
FED-23MAR-T3.75,FED-23MAR,Fed funds rate in Mar 2023?,2023-03-22,3.75,finalized,yes,2022-10-17T14:00:00Z,2023-03-22T17:55:00Z,82.0,True,Will the upper bound of the federal funds rate be above 3.75% following the Fed's March meeting?
FED-23MAR-T4.00,FED-23MAR,Fed funds rate in Mar 2023?,2023-03-22,4.0,finalized,yes,2022-10-17T14:00:00Z,2023-03-22T17:55:00Z,83.0,True,Will the upper bound of the federal funds rate be above 4.00% following the Fed's March meeting?
FED-23MAR-T4.25,FED-23MAR,Fed funds rate in Mar 2023?,2023-03-22,4.25,finalized,yes,2022-10-17T14:00:00Z,2023-03-22T17:55:00Z,50455.0,True,Will the upper bound of the federal funds rate be above 4.25% following the Fed's March meeting?
FED-23MAR-T4.50,FED-23MAR,Fed funds rate in Mar 2023?,2023-03-22,4.5,finalized,yes,2022-10-17T14:00:00Z,2023-03-22T17:55:00Z,44720.0,True,Will the upper bound of the federal funds rate be above 4.50% following the Fed's March meeting?
FED-23MAR-T4.75,FED-23MAR,Fed funds rate in Mar 2023?,2023-03-22,4.75,finalized,yes,2022-10-17T14:00:00Z,2023-03-22T17:55:00Z,676077.0,True,Will the upper bound of the federal funds rate be above 4.75% following the Fed's March meeting?
FED-23MAR-T5.00,FED-23MAR,Fed funds rate in Mar 2023?,2023-03-22,5.0,finalized,no,2022-10-17T14:00:00Z,2023-03-22T17:55:00Z,602997.0,True,Will the upper bound of the federal funds rate be above 5.00% following the Fed's March meeting?
FED-23MAR-T5.25,FED-23MAR,Fed funds rate in Mar 2023?,2023-03-22,5.25,finalized,no,2022-10-17T14:00:00Z,2023-03-22T17:55:00Z,137456.0,True,Will the upper bound of the federal funds rate be above 5.25% following the Fed's March meeting?
FED-23MAR-T5.50,FED-23MAR,Fed funds rate in Mar 2023?,2023-03-22,5.5,finalized,no,2022-10-17T14:00:00Z,2023-03-22T17:55:00Z,58255.0,True,Will the upper bound of the federal funds rate be above 5.50% following the Fed's March meeting?
FED-23MAR-T5.75,FED-23MAR,Fed funds rate in Mar 2023?,2023-03-22,5.75,finalized,no,2022-10-17T14:00:00Z,2023-03-22T17:55:00Z,15743.0,True,Will the upper bound of the federal funds rate be above 5.75% following the Fed's March meeting?
FED-23MAR-T6.00,FED-23MAR,Fed funds rate in Mar 2023?,2023-03-22,6.0,finalized,no,2022-10-17T14:00:00Z,2023-03-22T17:55:00Z,1496.0,True,Will the upper bound of the federal funds rate be above 6.00% following the Fed's March meeting?
FED-23MAR-T6.25,FED-23MAR,Fed funds rate in Mar 2023?,2023-03-22,6.25,finalized,no,2022-10-17T14:00:00Z,2023-03-22T17:55:00Z,959.0,True,Will the upper bound of the federal funds rate be above 6.25% following the Fed's March meeting?
FED-23MAR-T6.50,FED-23MAR,Fed funds rate in Mar 2023?,2023-03-22,6.5,finalized,no,2022-10-17T14:00:00Z,2023-03-22T17:55:00Z,10.0,True,Will the upper bound of the federal funds rate be above 6.50% following the Fed's March meeting?
FED-23MAY-T3.00,FED-23MAY,Fed funds rate in May 2023?,2023-05-03,3.0,finalized,yes,2022-11-02T15:15:00Z,2023-05-03T17:55:00Z,689.0,True,Will the upper bound of the federal funds rate be above 3.00% following the Fed's May meeting?
FED-23MAY-T3.25,FED-23MAY,Fed funds rate in May 2023?,2023-05-03,3.25,finalized,yes,2022-11-02T15:15:00Z,2023-05-03T17:55:00Z,725.0,True,Will the upper bound of the federal funds rate be above 3.25% following the Fed's May meeting?
FED-23MAY-T3.50,FED-23MAY,Fed funds rate in May 2023?,2023-05-03,3.5,finalized,yes,2022-11-02T15:15:00Z,2023-05-03T17:55:00Z,251.0,True,Will the upper bound of the federal funds rate be above 3.50% following the Fed's May meeting?
FED-23MAY-T3.75,FED-23MAY,Fed funds rate in May 2023?,2023-05-03,3.75,finalized,yes,2022-11-02T15:15:00Z,2023-05-03T17:55:00Z,5365.0,True,Will the upper bound of the federal funds rate be above 3.75% following the Fed's May meeting?
FED-23MAY-T4.00,FED-23MAY,Fed funds rate in May 2023?,2023-05-03,4.0,finalized,yes,2022-11-02T15:15:00Z,2023-05-03T17:55:00Z,33248.0,True,Will the upper bound of the federal funds rate be above 4.00% following the Fed's May meeting?
FED-23MAY-T4.25,FED-23MAY,Fed funds rate in May 2023?,2023-05-03,4.25,finalized,yes,2022-11-02T15:15:00Z,2023-05-03T17:55:00Z,14486.0,True,Will the upper bound of the federal funds rate be above 4.25% following the Fed's May meeting?
FED-23MAY-T4.50,FED-23MAY,Fed funds rate in May 2023?,2023-05-03,4.5,finalized,yes,2022-11-02T15:15:00Z,2023-05-03T17:55:00Z,21059.0,True,Will the upper bound of the federal funds rate be above 4.50% following the Fed's May meeting?
FED-23MAY-T4.75,FED-23MAY,Fed funds rate in May 2023?,2023-05-03,4.75,finalized,yes,2022-11-02T15:15:00Z,2023-05-03T17:55:00Z,131867.0,True,Will the upper bound of the federal funds rate be above 4.75% following the Fed's May meeting?
FED-23MAY-T5.00,FED-23MAY,Fed funds rate in May 2023?,2023-05-03,5.0,finalized,yes,2022-11-02T15:15:00Z,2023-05-03T17:55:00Z,834466.0,True,Will the upper bound of the federal funds rate be above 5.00% following the Fed's May meeting?
FED-23MAY-T5.25,FED-23MAY,Fed funds rate in May 2023?,2023-05-03,5.25,finalized,no,2022-11-02T15:15:00Z,2023-05-03T17:55:00Z,338556.0,True,Will the upper bound of the federal funds rate be above 5.25% following the Fed's May meeting?
FED-23MAY-T5.50,FED-23MAY,Fed funds rate in May 2023?,2023-05-03,5.5,finalized,no,2022-11-02T15:15:00Z,2023-05-03T17:55:00Z,67146.0,True,Will the upper bound of the federal funds rate be above 5.50% following the Fed's May meeting?
FED-23MAY-T5.75,FED-23MAY,Fed funds rate in May 2023?,2023-05-03,5.75,finalized,no,2022-11-02T15:15:00Z,2023-05-03T17:55:00Z,4232.0,True,Will the upper bound of the federal funds rate be above 5.75% following the Fed's May meeting?
FED-23MAY-T6.00,FED-23MAY,Fed funds rate in May 2023?,2023-05-03,6.0,finalized,no,2022-11-02T15:15:00Z,2023-05-03T17:55:00Z,364.0,True,Will the upper bound of the federal funds rate be above 6.00% following the Fed's May meeting?
FED-23MAY-T6.25,FED-23MAY,Fed funds rate in May 2023?,2023-05-03,6.25,finalized,no,2022-11-02T15:15:00Z,2023-05-03T17:55:00Z,218.0,True,Will the upper bound of the federal funds rate be above 6.25% following the Fed's May meeting?
FED-23MAY-T6.50,FED-23MAY,Fed funds rate in May 2023?,2023-05-03,6.5,finalized,no,2022-11-02T15:15:00Z,2023-05-03T17:55:00Z,425.0,True,Will the upper bound of the federal funds rate be above 6.50% following the Fed's May meeting?
FED-23JUN-T3.00,FED-23JUN,Fed funds rate in Jun 2023?,2023-06-14,3.0,finalized,yes,2022-11-02T15:15:00Z,2023-06-14T17:55:00Z,493.0,True,Will the upper bound of the federal funds rate be above 3.00% following the Fed's June meeting?
FED-23JUN-T3.25,FED-23JUN,Fed funds rate in Jun 2023?,2023-06-14,3.25,finalized,yes,2022-11-02T15:15:00Z,2023-06-14T17:55:00Z,727.0,True,Will the upper bound of the federal funds rate be above 3.25% following the Fed's June meeting?
FED-23JUN-T3.50,FED-23JUN,Fed funds rate in Jun 2023?,2023-06-14,3.5,finalized,yes,2022-11-02T15:15:00Z,2023-06-14T17:55:00Z,795.0,True,Will the upper bound of the federal funds rate be above 3.50% following the Fed's June meeting?
FED-23JUN-T3.75,FED-23JUN,Fed funds rate in Jun 2023?,2023-06-14,3.75,finalized,yes,2022-11-02T15:15:00Z,2023-06-14T17:55:00Z,350.0,True,Will the upper bound of the federal funds rate be above 3.75% following the Fed's June meeting?
FED-23JUN-T4.00,FED-23JUN,Fed funds rate in Jun 2023?,2023-06-14,4.0,finalized,yes,2022-11-02T15:15:00Z,2023-06-14T17:55:00Z,5416.0,True,Will the upper bound of the federal funds rate be above 4.00% following the Fed's June meeting?
FED-23JUN-T4.25,FED-23JUN,Fed funds rate in Jun 2023?,2023-06-14,4.25,finalized,yes,2022-11-02T15:15:00Z,2023-06-14T17:55:00Z,7773.0,True,Will the upper bound of the federal funds rate be above 4.25% following the Fed's June meeting?
FED-23JUN-T4.50,FED-23JUN,Fed funds rate in Jun 2023?,2023-06-14,4.5,finalized,yes,2022-11-02T15:15:00Z,2023-06-14T17:55:00Z,26217.0,True,Will the upper bound of the federal funds rate be above 4.50% following the Fed's June meeting?
FED-23JUN-T4.75,FED-23JUN,Fed funds rate in Jun 2023?,2023-06-14,4.75,finalized,yes,2022-11-02T15:15:00Z,2023-06-14T17:55:00Z,67742.0,True,Will the upper bound of the federal funds rate be above 4.75% following the Fed's June meeting?
FED-23JUN-T5.00,FED-23JUN,Fed funds rate in Jun 2023?,2023-06-14,5.0,finalized,yes,2022-11-02T15:15:00Z,2023-06-14T17:55:00Z,100195.0,True,Will the upper bound of the federal funds rate be above 5.00% following the Fed's June meeting?
FED-23JUN-T5.25,FED-23JUN,Fed funds rate in Jun 2023?,2023-06-14,5.25,finalized,no,2022-11-02T15:15:00Z,2023-06-14T17:55:00Z,753648.0,True,Will the upper bound of the federal funds rate be above 5.25% following the Fed's June meeting?
FED-23JUN-T5.50,FED-23JUN,Fed funds rate in Jun 2023?,2023-06-14,5.5,finalized,no,2022-11-02T15:15:00Z,2023-06-14T17:55:00Z,161171.0,True,Will the upper bound of the federal funds rate be above 5.50% following the Fed's June meeting?
FED-23JUN-T5.75,FED-23JUN,Fed funds rate in Jun 2023?,2023-06-14,5.75,finalized,no,2022-11-02T15:15:00Z,2023-06-14T17:55:00Z,31217.0,True,Will the upper bound of the federal funds rate be above 5.75% following the Fed's June meeting?
FED-23JUN-T6.00,FED-23JUN,Fed funds rate in Jun 2023?,2023-06-14,6.0,finalized,no,2022-11-02T15:15:00Z,2023-06-14T17:55:00Z,3063.0,True,Will the upper bound of the federal funds rate be above 6.00% following the Fed's June meeting?
FED-23JUN-T6.25,FED-23JUN,Fed funds rate in Jun 2023?,2023-06-14,6.25,finalized,no,2022-11-02T15:15:00Z,2023-06-14T17:55:00Z,124.0,True,Will the upper bound of the federal funds rate be above 6.25% following the Fed's June meeting?
FED-23JUN-T6.50,FED-23JUN,Fed funds rate in Jun 2023?,2023-06-14,6.5,finalized,no,2022-11-02T15:15:00Z,2023-06-14T17:55:00Z,386.0,True,Will the upper bound of the federal funds rate be above 6.50% following the Fed's June meeting?
FED-23JUL-T3.00,FED-23JUL,Fed funds rate in Jul 2023?,2023-07-26,3.0,finalized,yes,2022-11-02T15:15:00Z,2023-07-26T17:55:00Z,289.0,True,Will the upper bound of the federal funds rate be above 3.00% following the Fed's July meeting?
FED-23JUL-T3.25,FED-23JUL,Fed funds rate in Jul 2023?,2023-07-26,3.25,finalized,yes,2022-11-02T15:15:00Z,2023-07-26T17:55:00Z,171.0,True,Will the upper bound of the federal funds rate be above 3.25% following the Fed's July meeting?
FED-23JUL-T3.50,FED-23JUL,Fed funds rate in Jul 2023?,2023-07-26,3.5,finalized,yes,2022-11-02T15:15:00Z,2023-07-26T17:55:00Z,189.0,True,Will the upper bound of the federal funds rate be above 3.50% following the Fed's July meeting?
FED-23JUL-T3.75,FED-23JUL,Fed funds rate in Jul 2023?,2023-07-26,3.75,finalized,yes,2022-11-02T15:15:00Z,2023-07-26T17:55:00Z,96.0,True,Will the upper bound of the federal funds rate be above 3.75% following the Fed's July meeting?
FED-23JUL-T4.00,FED-23JUL,Fed funds rate in Jul 2023?,2023-07-26,4.0,finalized,yes,2022-11-02T15:15:00Z,2023-07-26T17:55:00Z,860.0,True,Will the upper bound of the federal funds rate be above 4.00% following the Fed's July meeting?
FED-23JUL-T4.25,FED-23JUL,Fed funds rate in Jul 2023?,2023-07-26,4.25,finalized,yes,2022-11-02T15:15:00Z,2023-07-26T17:55:00Z,3317.0,True,Will the upper bound of the federal funds rate be above 4.25% following the Fed's July meeting?
FED-23JUL-T4.50,FED-23JUL,Fed funds rate in Jul 2023?,2023-07-26,4.5,finalized,yes,2022-11-02T15:15:00Z,2023-07-26T17:55:00Z,11418.0,True,Will the upper bound of the federal funds rate be above 4.50% following the Fed's July meeting?
FED-23JUL-T4.75,FED-23JUL,Fed funds rate in Jul 2023?,2023-07-26,4.75,finalized,yes,2022-11-02T15:15:00Z,2023-07-26T17:55:00Z,22472.0,True,Will the upper bound of the federal funds rate be above 4.75% following the Fed's July meeting?
FED-23JUL-T5.00,FED-23JUL,Fed funds rate in Jul 2023?,2023-07-26,5.0,finalized,yes,2022-11-02T15:15:00Z,2023-07-26T17:55:00Z,49185.0,True,Will the upper bound of the federal funds rate be above 5.00% following the Fed's July meeting?
FED-23JUL-T5.25,FED-23JUL,Fed funds rate in Jul 2023?,2023-07-26,5.25,finalized,yes,2022-11-02T15:15:00Z,2023-07-26T17:55:00Z,426964.0,True,Will the upper bound of the federal funds rate be above 5.25% following the Fed's July meeting?
FED-23JUL-T5.50,FED-23JUL,Fed funds rate in Jul 2023?,2023-07-26,5.5,finalized,no,2022-11-02T15:15:00Z,2023-07-26T17:55:00Z,136385.0,True,Will the upper bound of the federal funds rate be above 5.50% following the Fed's July meeting?
FED-23JUL-T5.75,FED-23JUL,Fed funds rate in Jul 2023?,2023-07-26,5.75,finalized,no,2022-11-02T15:15:00Z,2023-07-26T17:55:00Z,21432.0,True,Will the upper bound of the federal funds rate be above 5.75% following the Fed's July meeting?
FED-23JUL-T6.00,FED-23JUL,Fed funds rate in Jul 2023?,2023-07-26,6.0,finalized,no,2022-11-02T15:15:00Z,2023-07-26T17:55:00Z,5092.0,True,Will the upper bound of the federal funds rate be above 6.00% following the Fed's July meeting?
FED-23JUL-T6.25,FED-23JUL,Fed funds rate in Jul 2023?,2023-07-26,6.25,finalized,no,2022-11-02T15:15:00Z,2023-07-26T17:55:00Z,0.0,True,Will the upper bound of the federal funds rate be above 6.25% following the Fed's July meeting?
FED-23JUL-T6.50,FED-23JUL,Fed funds rate in Jul 2023?,2023-07-26,6.5,finalized,no,2022-11-02T15:15:00Z,2023-07-26T17:55:00Z,0.0,True,Will the upper bound of the federal funds rate be above 6.50% following the Fed's July meeting?
FED-23SEP-T3.00,FED-23SEP,Fed funds rate in Sep 2023?,2023-09-20,3.0,finalized,yes,2022-11-02T15:15:00Z,2023-09-20T17:55:00Z,187.0,True,Will the upper bound of the federal funds rate be above 3.00% following the Fed's September meeting?
FED-23SEP-T3.25,FED-23SEP,Fed funds rate in Sep 2023?,2023-09-20,3.25,finalized,yes,2022-11-02T15:15:00Z,2023-09-20T17:55:00Z,187.0,True,Will the upper bound of the federal funds rate be above 3.25% following the Fed's September meeting?
FED-23SEP-T3.50,FED-23SEP,Fed funds rate in Sep 2023?,2023-09-20,3.5,finalized,yes,2022-11-02T15:15:00Z,2023-09-20T17:55:00Z,187.0,True,Will the upper bound of the federal funds rate be above 3.50% following the Fed's September meeting?
FED-23SEP-T3.75,FED-23SEP,Fed funds rate in Sep 2023?,2023-09-20,3.75,finalized,yes,2022-11-02T15:15:00Z,2023-09-20T17:55:00Z,373.0,True,Will the upper bound of the federal funds rate be above 3.75% following the Fed's September meeting?
FED-23SEP-T4.00,FED-23SEP,Fed funds rate in Sep 2023?,2023-09-20,4.0,finalized,yes,2022-11-02T15:15:00Z,2023-09-20T17:55:00Z,919.0,True,Will the upper bound of the federal funds rate be above 4.00% following the Fed's September meeting?
FED-23SEP-T4.25,FED-23SEP,Fed funds rate in Sep 2023?,2023-09-20,4.25,finalized,yes,2022-11-02T15:15:00Z,2023-09-20T17:55:00Z,5417.0,True,Will the upper bound of the federal funds rate be above 4.25% following the Fed's September meeting?
FED-23SEP-T4.50,FED-23SEP,Fed funds rate in Sep 2023?,2023-09-20,4.5,finalized,yes,2022-11-02T15:15:00Z,2023-09-20T17:55:00Z,5335.0,True,Will the upper bound of the federal funds rate be above 4.50% following the Fed's September meeting?
FED-23SEP-T4.75,FED-23SEP,Fed funds rate in Sep 2023?,2023-09-20,4.75,finalized,yes,2022-11-02T15:15:00Z,2023-09-20T17:55:00Z,17311.0,True,Will the upper bound of the federal funds rate be above 4.75% following the Fed's September meeting?
FED-23SEP-T5.00,FED-23SEP,Fed funds rate in Sep 2023?,2023-09-20,5.0,finalized,yes,2022-11-02T15:15:00Z,2023-09-20T17:55:00Z,30240.0,True,Will the upper bound of the federal funds rate be above 5.00% following the Fed's September meeting?
FED-23SEP-T5.25,FED-23SEP,Fed funds rate in Sep 2023?,2023-09-20,5.25,finalized,yes,2022-11-02T15:15:00Z,2023-09-20T17:55:00Z,47621.0,True,Will the upper bound of the federal funds rate be above 5.25% following the Fed's September meeting?
FED-23SEP-T5.50,FED-23SEP,Fed funds rate in Sep 2023?,2023-09-20,5.5,finalized,no,2022-11-02T15:15:00Z,2023-09-20T17:55:00Z,453273.0,True,Will the upper bound of the federal funds rate be above 5.50% following the Fed's September meeting?
FED-23SEP-T5.75,FED-23SEP,Fed funds rate in Sep 2023?,2023-09-20,5.75,finalized,no,2022-11-02T15:15:00Z,2023-09-20T17:55:00Z,26187.0,True,Will the upper bound of the federal funds rate be above 5.75% following the Fed's September meeting?
FED-23SEP-T6.00,FED-23SEP,Fed funds rate in Sep 2023?,2023-09-20,6.0,finalized,no,2022-11-02T15:15:00Z,2023-09-20T17:55:00Z,3853.0,True,Will the upper bound of the federal funds rate be above 6.00% following the Fed's September meeting?
FED-23SEP-T6.25,FED-23SEP,Fed funds rate in Sep 2023?,2023-09-20,6.25,finalized,no,2022-11-02T15:15:00Z,2023-09-20T17:55:00Z,0.0,True,Will the upper bound of the federal funds rate be above 6.25% following the Fed's September meeting?
FED-23SEP-T6.50,FED-23SEP,Fed funds rate in Sep 2023?,2023-09-20,6.5,finalized,no,2022-11-02T15:15:00Z,2023-09-20T17:55:00Z,13700.0,True,Will the upper bound of the federal funds rate be above 6.50% following the Fed's September meeting?
FED-23NOV-T3.00,FED-23NOV,Fed funds rate in Nov 2023?,2023-11-01,3.0,finalized,yes,2022-11-02T15:15:00Z,2023-11-01T17:55:00Z,381.0,True,Will the upper bound of the federal funds rate be above 3.00% following the Fed's November meeting?
FED-23NOV-T3.25,FED-23NOV,Fed funds rate in Nov 2023?,2023-11-01,3.25,finalized,yes,2022-11-02T15:15:00Z,2023-11-01T17:55:00Z,280.0,True,Will the upper bound of the federal funds rate be above 3.25% following the Fed's November meeting?
FED-23NOV-T3.50,FED-23NOV,Fed funds rate in Nov 2023?,2023-11-01,3.5,finalized,yes,2022-11-02T15:15:00Z,2023-11-01T17:55:00Z,280.0,True,Will the upper bound of the federal funds rate be above 3.50% following the Fed's November meeting?
FED-23NOV-T3.75,FED-23NOV,Fed funds rate in Nov 2023?,2023-11-01,3.75,finalized,yes,2022-11-02T15:15:00Z,2023-11-01T17:55:00Z,2160.0,True,Will the upper bound of the federal funds rate be above 3.75% following the Fed's November meeting?
FED-23NOV-T4.00,FED-23NOV,Fed funds rate in Nov 2023?,2023-11-01,4.0,finalized,yes,2022-11-02T15:15:00Z,2023-11-01T17:55:00Z,2460.0,True,Will the upper bound of the federal funds rate be above 4.00% following the Fed's November meeting?
FED-23NOV-T4.25,FED-23NOV,Fed funds rate in Nov 2023?,2023-11-01,4.25,finalized,yes,2022-11-02T15:15:00Z,2023-11-01T17:55:00Z,2261.0,True,Will the upper bound of the federal funds rate be above 4.25% following the Fed's November meeting?
FED-23NOV-T4.50,FED-23NOV,Fed funds rate in Nov 2023?,2023-11-01,4.5,finalized,yes,2022-11-02T15:15:00Z,2023-11-01T17:55:00Z,7308.0,True,Will the upper bound of the federal funds rate be above 4.50% following the Fed's November meeting?
FED-23NOV-T4.75,FED-23NOV,Fed funds rate in Nov 2023?,2023-11-01,4.75,finalized,yes,2022-11-02T15:15:00Z,2023-11-01T17:55:00Z,17811.0,True,Will the upper bound of the federal funds rate be above 4.75% following the Fed's November meeting?
FED-23NOV-T5.00,FED-23NOV,Fed funds rate in Nov 2023?,2023-11-01,5.0,finalized,yes,2022-11-02T15:15:00Z,2023-11-01T17:55:00Z,17937.0,True,Will the upper bound of the federal funds rate be above 5.00% following the Fed's November meeting?
FED-23NOV-T5.25,FED-23NOV,Fed funds rate in Nov 2023?,2023-11-01,5.25,finalized,yes,2022-11-02T15:15:00Z,2023-11-01T17:55:00Z,64034.0,True,Will the upper bound of the federal funds rate be above 5.25% following the Fed's November meeting?
FED-23NOV-T5.50,FED-23NOV,Fed funds rate in Nov 2023?,2023-11-01,5.5,finalized,no,2022-11-02T15:15:00Z,2023-11-01T17:55:00Z,442959.0,True,Will the upper bound of the federal funds rate be above 5.50% following the Fed's November meeting?
FED-23NOV-T5.75,FED-23NOV,Fed funds rate in Nov 2023?,2023-11-01,5.75,finalized,no,2022-11-02T15:15:00Z,2023-11-01T17:55:00Z,55309.0,True,Will the upper bound of the federal funds rate be above 5.75% following the Fed's November meeting?
FED-23NOV-T6.00,FED-23NOV,Fed funds rate in Nov 2023?,2023-11-01,6.0,finalized,no,2022-11-02T15:15:00Z,2023-11-01T17:55:00Z,28531.0,True,Will the upper bound of the federal funds rate be above 6.00% following the Fed's November meeting?
FED-23NOV-T6.25,FED-23NOV,Fed funds rate in Nov 2023?,2023-11-01,6.25,finalized,no,2022-11-02T15:15:00Z,2023-11-01T17:55:00Z,13586.0,True,Will the upper bound of the federal funds rate be above 6.25% following the Fed's November meeting?
FED-23NOV-T6.50,FED-23NOV,Fed funds rate in Nov 2023?,2023-11-01,6.5,finalized,no,2022-11-02T15:15:00Z,2023-11-01T17:55:00Z,93.0,True,Will the upper bound of the federal funds rate be above 6.50% following the Fed's November meeting?
FED-23DEC-T3.00,FED-23DEC,Fed funds rate in Dec 2023?,2023-12-13,3.0,finalized,yes,2022-11-02T15:15:00Z,2023-12-13T18:55:00Z,716.0,True,Will the upper bound of the federal funds rate be above 3.00% following the Fed's December meeting?
FED-23DEC-T3.25,FED-23DEC,Fed funds rate in Dec 2023?,2023-12-13,3.25,finalized,yes,2022-11-02T15:15:00Z,2023-12-13T18:55:00Z,1.0,True,Will the upper bound of the federal funds rate be above 3.25% following the Fed's December meeting?
FED-23DEC-T3.50,FED-23DEC,Fed funds rate in Dec 2023?,2023-12-13,3.5,finalized,yes,2022-11-02T15:15:00Z,2023-12-13T18:55:00Z,1.0,True,Will the upper bound of the federal funds rate be above 3.50% following the Fed's December meeting?
FED-23DEC-T3.75,FED-23DEC,Fed funds rate in Dec 2023?,2023-12-13,3.75,finalized,yes,2022-11-02T15:15:00Z,2023-12-13T18:55:00Z,627.0,True,Will the upper bound of the federal funds rate be above 3.75% following the Fed's December meeting?
FED-23DEC-T4.00,FED-23DEC,Fed funds rate in Dec 2023?,2023-12-13,4.0,finalized,yes,2022-11-02T15:15:00Z,2023-12-13T18:55:00Z,3047.0,True,Will the upper bound of the federal funds rate be above 4.00% following the Fed's December meeting?
FED-23DEC-T4.25,FED-23DEC,Fed funds rate in Dec 2023?,2023-12-13,4.25,finalized,yes,2022-11-02T15:15:00Z,2023-12-13T18:55:00Z,10020.0,True,Will the upper bound of the federal funds rate be above 4.25% following the Fed's December meeting?
FED-23DEC-T4.50,FED-23DEC,Fed funds rate in Dec 2023?,2023-12-13,4.5,finalized,yes,2022-11-02T15:15:00Z,2023-12-13T18:55:00Z,8121.0,True,Will the upper bound of the federal funds rate be above 4.50% following the Fed's December meeting?
FED-23DEC-T4.75,FED-23DEC,Fed funds rate in Dec 2023?,2023-12-13,4.75,finalized,yes,2022-11-02T15:15:00Z,2023-12-13T18:55:00Z,17473.0,True,Will the upper bound of the federal funds rate be above 4.75% following the Fed's December meeting?
FED-23DEC-T5.00,FED-23DEC,Fed funds rate in Dec 2023?,2023-12-13,5.0,finalized,yes,2022-11-02T15:15:00Z,2023-12-13T18:55:00Z,30921.0,True,Will the upper bound of the federal funds rate be above 5.00% following the Fed's December meeting?
FED-23DEC-T5.25,FED-23DEC,Fed funds rate in Dec 2023?,2023-12-13,5.25,finalized,yes,2022-11-02T15:15:00Z,2023-12-13T18:55:00Z,35001.0,True,Will the upper bound of the federal funds rate be above 5.25% following the Fed's December meeting?
FED-23DEC-T5.50,FED-23DEC,Fed funds rate in Dec 2023?,2023-12-13,5.5,finalized,no,2022-11-02T15:15:00Z,2023-12-13T18:55:00Z,398292.0,True,Will the upper bound of the federal funds rate be above 5.50% following the Fed's December meeting?
FED-23DEC-T5.75,FED-23DEC,Fed funds rate in Dec 2023?,2023-12-13,5.75,finalized,no,2022-11-02T15:15:00Z,2023-12-13T18:55:00Z,78013.0,True,Will the upper bound of the federal funds rate be above 5.75% following the Fed's December meeting?
FED-23DEC-T6.00,FED-23DEC,Fed funds rate in Dec 2023?,2023-12-13,6.0,finalized,no,2022-11-02T15:15:00Z,2023-12-13T18:55:00Z,9888.0,True,Will the upper bound of the federal funds rate be above 6.00% following the Fed's December meeting?
FED-23DEC-T6.25,FED-23DEC,Fed funds rate in Dec 2023?,2023-12-13,6.25,finalized,no,2022-11-02T15:15:00Z,2023-12-13T18:55:00Z,1000.0,True,Will the upper bound of the federal funds rate be above 6.25% following the Fed's December meeting?
FED-23DEC-T6.50,FED-23DEC,Fed funds rate in Dec 2023?,2023-12-13,6.5,finalized,no,2022-11-02T15:15:00Z,2023-12-13T18:55:00Z,0.0,True,Will the upper bound of the federal funds rate be above 6.50% following the Fed's December meeting?
FED-24JAN-T5.00,FED-24JAN,Fed funds rate in Jan 2024?,2024-01-31,5.0,finalized,yes,2023-06-20T14:55:00Z,2024-01-31T18:55:00Z,209438.0,True,Will the upper bound of the federal funds rate be above 5.00% following the Fed's January meeting?
FED-24JAN-T5.25,FED-24JAN,Fed funds rate in Jan 2024?,2024-01-31,5.25,finalized,yes,2023-06-20T14:55:00Z,2024-01-31T18:55:00Z,428412.0,True,Will the upper bound of the federal funds rate be above 5.25% following the Fed's January meeting?
FED-24JAN-T5.50,FED-24JAN,Fed funds rate in Jan 2024?,2024-01-31,5.5,finalized,no,2023-06-20T14:55:00Z,2024-01-31T18:55:00Z,102763.0,True,Will the upper bound of the federal funds rate be above 5.50% following the Fed's January meeting?
FED-24JAN-T5.75,FED-24JAN,Fed funds rate in Jan 2024?,2024-01-31,5.75,finalized,no,2023-06-20T14:55:00Z,2024-01-31T18:55:00Z,29348.0,True,Will the upper bound of the federal funds rate be above 5.75% following the Fed's January meeting?
FED-24JAN-T6.00,FED-24JAN,Fed funds rate in Jan 2024?,2024-01-31,6.0,finalized,no,2023-06-20T14:55:00Z,2024-01-31T18:55:00Z,6264.0,True,Will the upper bound of the federal funds rate be above 6.00% following the Fed's January meeting?
FED-24JAN-T6.25,FED-24JAN,Fed funds rate in Jan 2024?,2024-01-31,6.25,finalized,no,2023-06-20T14:55:00Z,2024-01-31T18:55:00Z,1126.0,True,Will the upper bound of the federal funds rate be above 6.25% following the Fed's January meeting?
FED-24JAN-T6.50,FED-24JAN,Fed funds rate in Jan 2024?,2024-01-31,6.5,finalized,no,2023-06-20T14:55:00Z,2024-01-31T18:55:00Z,0.0,True,Will the upper bound of the federal funds rate be above 6.50% following the Fed's January meeting?
FED-24MAR-T4.50,FED-24MAR,Fed funds rate in Mar 2024?,2024-03-20,4.5,finalized,yes,2023-07-06T14:00:00Z,2024-03-20T17:55:00Z,45898.0,True,Will the upper bound of the federal funds rate be above 4.50% following the Fed's March meeting?
FED-24MAR-T4.75,FED-24MAR,Fed funds rate in Mar 2024?,2024-03-20,4.75,finalized,yes,2023-07-06T14:00:00Z,2024-03-20T17:55:00Z,357892.0,True,Will the upper bound of the federal funds rate be above 4.75% following the Fed's March meeting?
FED-24MAR-T5.00,FED-24MAR,Fed funds rate in Mar 2024?,2024-03-20,5.0,finalized,yes,2023-07-06T14:00:00Z,2024-03-20T17:55:00Z,399013.0,True,Will the upper bound of the federal funds rate be above 5.00% following the Fed's March meeting?
FED-24MAR-T5.25,FED-24MAR,Fed funds rate in Mar 2024?,2024-03-20,5.25,finalized,yes,2023-07-06T14:00:00Z,2024-03-20T17:55:00Z,667089.0,True,Will the upper bound of the federal funds rate be above 5.25% following the Fed's March meeting?
FED-24MAR-T5.50,FED-24MAR,Fed funds rate in Mar 2024?,2024-03-20,5.5,finalized,no,2023-07-06T14:00:00Z,2024-03-20T17:55:00Z,78931.0,True,Will the upper bound of the federal funds rate be above 5.50% following the Fed's March meeting?
FED-24MAR-T5.75,FED-24MAR,Fed funds rate in Mar 2024?,2024-03-20,5.75,finalized,no,2023-07-06T14:00:00Z,2024-03-20T17:55:00Z,30880.0,True,Will the upper bound of the federal funds rate be above 5.75% following the Fed's March meeting?
FED-24MAR-T6.00,FED-24MAR,Fed funds rate in Mar 2024?,2024-03-20,6.0,finalized,no,2023-07-06T14:00:00Z,2024-03-20T17:55:00Z,1107.0,True,Will the upper bound of the federal funds rate be above 6.00% following the Fed's March meeting?
FED-24MAY-T4.25,FED-24MAY,Fed funds rate in May 2024?,2024-05-01,4.25,finalized,yes,2023-07-06T14:00:00Z,2024-05-01T17:55:00Z,132250.0,True,Will the upper bound of the federal funds rate be above 4.25% following the Fed's May meeting?
FED-24MAY-T4.50,FED-24MAY,Fed funds rate in May 2024?,2024-05-01,4.5,finalized,yes,2023-07-06T14:00:00Z,2024-05-01T17:55:00Z,29644.0,True,Will the upper bound of the federal funds rate be above 4.50% following the Fed's May meeting?
FED-24MAY-T4.75,FED-24MAY,Fed funds rate in May 2024?,2024-05-01,4.75,finalized,yes,2023-07-06T14:00:00Z,2024-05-01T17:55:00Z,114276.0,True,Will the upper bound of the federal funds rate be above 4.75% following the Fed's May meeting?
FED-24MAY-T5.00,FED-24MAY,Fed funds rate in May 2024?,2024-05-01,5.0,finalized,yes,2023-07-06T14:00:00Z,2024-05-01T17:55:00Z,81131.0,True,Will the upper bound of the federal funds rate be above 5.00% following the Fed's May meeting?
FED-24MAY-T5.25,FED-24MAY,Fed funds rate in May 2024?,2024-05-01,5.25,finalized,yes,2023-07-06T14:00:00Z,2024-05-01T17:55:00Z,705302.0,True,Will the upper bound of the federal funds rate be above 5.25% following the Fed's May meeting?
FED-24MAY-T5.50,FED-24MAY,Fed funds rate in May 2024?,2024-05-01,5.5,finalized,no,2023-07-06T14:00:00Z,2024-05-01T17:55:00Z,62082.0,True,Will the upper bound of the federal funds rate be above 5.50% following the Fed's May meeting?
FED-24MAY-T5.75,FED-24MAY,Fed funds rate in May 2024?,2024-05-01,5.75,finalized,no,2023-07-06T14:00:00Z,2024-05-01T17:55:00Z,19757.0,True,Will the upper bound of the federal funds rate be above 5.75% following the Fed's May meeting?
FED-24JUN-T4.00,FED-24JUN,Fed funds rate in June?,2024-06-12,4.0,finalized,yes,2023-07-06T14:00:00Z,2024-06-12T17:55:00Z,49404.0,True,Will the upper bound of the federal funds rate be above 4.00% following the Fed's June meeting?
FED-24JUN-T4.25,FED-24JUN,Fed funds rate in June?,2024-06-12,4.25,finalized,yes,2023-07-06T14:00:00Z,2024-06-12T17:55:00Z,23209.0,True,Will the upper bound of the federal funds rate be above 4.25% following the Fed's June meeting?
FED-24JUN-T4.50,FED-24JUN,Fed funds rate in June?,2024-06-12,4.5,finalized,yes,2023-07-06T14:00:00Z,2024-06-12T17:55:00Z,93274.0,True,Will the upper bound of the federal funds rate be above 4.50% following the Fed's June meeting?
FED-24JUN-T4.75,FED-24JUN,Fed funds rate in June?,2024-06-12,4.75,finalized,yes,2023-07-06T14:00:00Z,2024-06-12T17:55:00Z,68586.0,True,Will the upper bound of the federal funds rate be above 4.75% following the Fed's June meeting?
FED-24JUN-T5.00,FED-24JUN,Fed funds rate in June?,2024-06-12,5.0,finalized,yes,2023-07-06T14:00:00Z,2024-06-12T17:55:00Z,67497.0,True,Will the upper bound of the federal funds rate be above 5.00% following the Fed's June meeting?
FED-24JUN-T5.25,FED-24JUN,Fed funds rate in June?,2024-06-12,5.25,finalized,yes,2023-07-06T14:00:00Z,2024-06-12T17:55:00Z,1349824.0,True,Will the upper bound of the federal funds rate be above 5.25% following the Fed's June meeting?
FED-24JUN-T5.50,FED-24JUN,Fed funds rate in June?,2024-06-12,5.5,finalized,no,2023-07-06T14:00:00Z,2024-06-12T17:55:00Z,269938.0,True,Will the upper bound of the federal funds rate be above 5.50% following the Fed's June meeting?
FED-24JUL-T4.00,FED-24JUL,Fed funds rate in July?,2024-07-31,4.0,finalized,yes,2023-07-06T14:00:00Z,2024-07-31T17:55:00Z,23743.0,True,Will the upper bound of the federal funds rate be above 4.00% following the Fed's July meeting?
FED-24JUL-T4.25,FED-24JUL,Fed funds rate in July?,2024-07-31,4.25,finalized,yes,2023-07-06T14:00:00Z,2024-07-31T17:55:00Z,22895.0,True,Will the upper bound of the federal funds rate be above 4.25% following the Fed's July meeting?
FED-24JUL-T4.50,FED-24JUL,Fed funds rate in July?,2024-07-31,4.5,finalized,yes,2023-07-06T14:00:00Z,2024-07-31T17:55:00Z,14291.0,True,Will the upper bound of the federal funds rate be above 4.50% following the Fed's July meeting?
FED-24JUL-T4.75,FED-24JUL,Fed funds rate in July?,2024-07-31,4.75,finalized,yes,2023-07-06T14:00:00Z,2024-07-31T17:55:00Z,10192.0,True,Will the upper bound of the federal funds rate be above 4.75% following the Fed's July meeting?
FED-24JUL-T5.00,FED-24JUL,Fed funds rate in July?,2024-07-31,5.0,finalized,yes,2023-07-06T14:00:00Z,2024-07-31T17:55:00Z,80483.0,True,Will the upper bound of the federal funds rate be above 5.00% following the Fed's July meeting?
FED-24JUL-T5.25,FED-24JUL,Fed funds rate in July?,2024-07-31,5.25,finalized,yes,2023-07-06T14:00:00Z,2024-07-31T17:55:00Z,1160274.0,True,Will the upper bound of the federal funds rate be above 5.25% following the Fed's July meeting?
FED-24JUL-T5.50,FED-24JUL,Fed funds rate in July?,2024-07-31,5.5,finalized,no,2023-07-06T14:00:00Z,2024-07-31T17:55:00Z,63297.0,True,Will the upper bound of the federal funds rate be above 5.50% following the Fed's July meeting?
FED-24SEP-T3.75,FED-24SEP,Fed funds rate in Sep 2024?,2024-09-18,3.75,finalized,yes,2023-07-06T14:00:00Z,2024-09-18T17:55:00Z,11364.0,True,Will the upper bound of the federal funds rate be above 3.75% following the Fed's September meeting?
FED-24SEP-T4.00,FED-24SEP,Fed funds rate in Sep 2024?,2024-09-18,4.0,finalized,yes,2023-07-06T14:00:00Z,2024-09-18T17:55:00Z,11537.0,True,Will the upper bound of the federal funds rate be above 4.00% following the Fed's September meeting?
FED-24SEP-T4.25,FED-24SEP,Fed funds rate in Sep 2024?,2024-09-18,4.25,finalized,yes,2023-07-06T14:00:00Z,2024-09-18T17:55:00Z,9372.0,True,Will the upper bound of the federal funds rate be above 4.25% following the Fed's September meeting?
FED-24SEP-T4.50,FED-24SEP,Fed funds rate in Sep 2024?,2024-09-18,4.5,finalized,yes,2023-07-06T14:00:00Z,2024-09-18T17:55:00Z,67110.0,True,Will the upper bound of the federal funds rate be above 4.50% following the Fed's September meeting?
FED-24SEP-T4.75,FED-24SEP,Fed funds rate in Sep 2024?,2024-09-18,4.75,finalized,yes,2023-07-06T14:00:00Z,2024-09-18T17:55:00Z,513578.0,True,Will the upper bound of the federal funds rate be above 4.75% following the Fed's September meeting?
FED-24SEP-T5.00,FED-24SEP,Fed funds rate in Sep 2024?,2024-09-18,5.0,finalized,no,2023-07-06T14:00:00Z,2024-09-18T17:55:00Z,1175151.0,True,Will the upper bound of the federal funds rate be above 5.00% following the Fed's September meeting?
FED-24SEP-T5.25,FED-24SEP,Fed funds rate in Sep 2024?,2024-09-18,5.25,finalized,no,2023-07-06T14:00:00Z,2024-09-18T17:55:00Z,575792.0,True,Will the upper bound of the federal funds rate be above 5.25% following the Fed's September meeting?
FED-24SEP-T5.50,FED-24SEP,Fed funds rate in Sep 2024?,2024-09-18,5.5,finalized,no,2024-02-16T20:00:00Z,2024-09-18T17:55:00Z,18254.0,True,Will the upper bound of the federal funds rate be above 5.50% following the Fed's September meeting?
FED-24NOV-T3.50,FED-24NOV,Fed funds rate in Nov 2024?,2024-11-07,3.5,finalized,yes,2023-07-06T14:00:00Z,2024-11-07T18:55:00Z,14108.0,True,Will the upper bound of the federal funds rate be above 3.50% following the Fed's November meeting?
FED-24NOV-T3.75,FED-24NOV,Fed funds rate in Nov 2024?,2024-11-07,3.75,finalized,yes,2023-07-06T14:00:00Z,2024-11-07T18:55:00Z,14040.0,True,Will the upper bound of the federal funds rate be above 3.75% following the Fed's November meeting?
FED-24NOV-T4.00,FED-24NOV,Fed funds rate in Nov 2024?,2024-11-07,4.0,finalized,yes,2023-07-06T14:00:00Z,2024-11-07T18:55:00Z,10886.0,True,Will the upper bound of the federal funds rate be above 4.00% following the Fed's November meeting?
FED-24NOV-T4.25,FED-24NOV,Fed funds rate in Nov 2024?,2024-11-07,4.25,finalized,yes,2023-07-06T14:00:00Z,2024-11-07T18:55:00Z,37099.0,True,Will the upper bound of the federal funds rate be above 4.25% following the Fed's November meeting?
FED-24NOV-T4.50,FED-24NOV,Fed funds rate in Nov 2024?,2024-11-07,4.5,finalized,yes,2023-07-06T14:00:00Z,2024-11-07T18:55:00Z,183531.0,True,Will the upper bound of the federal funds rate be above 4.50% following the Fed's November meeting?
FED-24NOV-T4.75,FED-24NOV,Fed funds rate in Nov 2024?,2024-11-07,4.75,finalized,no,2023-07-06T14:00:00Z,2024-11-07T18:55:00Z,242336.0,True,Will the upper bound of the federal funds rate be above 4.75% following the Fed's November meeting?
FED-24NOV-T5.00,FED-24NOV,Fed funds rate in Nov 2024?,2024-11-07,5.0,finalized,no,2023-07-06T14:00:00Z,2024-11-07T18:55:00Z,120983.0,True,Will the upper bound of the federal funds rate be above 5.00% following the Fed's November meeting?
FED-24NOV-T5.25,FED-24NOV,Fed funds rate in Nov 2024?,2024-11-07,5.25,finalized,no,2024-02-19T15:00:00Z,2024-11-07T18:55:00Z,38975.0,True,Will the upper bound of the federal funds rate be above 5.25% following the Fed's November meeting?
FED-24NOV-T5.50,FED-24NOV,Fed funds rate in Nov 2024?,2024-11-07,5.5,finalized,no,2024-02-19T15:00:00Z,2024-11-07T18:55:00Z,39172.0,True,Will the upper bound of the federal funds rate be above 5.50% following the Fed's November meeting?
FED-24DEC-T3.25,FED-24DEC,Fed funds rate in Dec 2024?,2024-12-18,3.25,finalized,yes,2023-07-06T14:00:00Z,2024-12-18T18:55:00Z,9476.0,True,Will the upper bound of the federal funds rate be above 3.25% following the Fed's December meeting?
FED-24DEC-T3.50,FED-24DEC,Fed funds rate in Dec 2024?,2024-12-18,3.5,finalized,yes,2023-07-06T14:00:00Z,2024-12-18T18:55:00Z,13979.0,True,Will the upper bound of the federal funds rate be above 3.50% following the Fed's December meeting?
FED-24DEC-T3.75,FED-24DEC,Fed funds rate in Dec 2024?,2024-12-18,3.75,finalized,yes,2023-07-06T14:00:00Z,2024-12-18T18:55:00Z,16109.0,True,Will the upper bound of the federal funds rate be above 3.75% following the Fed's December meeting?
FED-24DEC-T4.00,FED-24DEC,Fed funds rate in Dec 2024?,2024-12-18,4.0,finalized,yes,2023-07-06T14:00:00Z,2024-12-18T18:55:00Z,219631.0,True,Will the upper bound of the federal funds rate be above 4.00% following the Fed's December meeting?
FED-24DEC-T4.25,FED-24DEC,Fed funds rate in Dec 2024?,2024-12-18,4.25,finalized,yes,2023-07-06T14:00:00Z,2024-12-18T18:55:00Z,187088.0,True,Will the upper bound of the federal funds rate be above 4.25% following the Fed's December meeting?
FED-24DEC-T4.50,FED-24DEC,Fed funds rate in Dec 2024?,2024-12-18,4.5,finalized,no,2023-07-06T14:00:00Z,2024-12-18T18:55:00Z,359608.0,True,Will the upper bound of the federal funds rate be above 4.50% following the Fed's December meeting?
FED-24DEC-T4.75,FED-24DEC,Fed funds rate in Dec 2024?,2024-12-18,4.75,finalized,no,2023-07-06T14:00:00Z,2024-12-18T18:55:00Z,135887.0,True,Will the upper bound of the federal funds rate be above 4.75% following the Fed's December meeting?
FED-24DEC-T5.00,FED-24DEC,Fed funds rate in Dec 2024?,2024-12-18,5.0,finalized,no,2024-02-19T15:00:00Z,2024-12-18T18:55:00Z,28224.0,True,Will the upper bound of the federal funds rate be above 5.00% following the Fed's December meeting?
FED-24DEC-T5.25,FED-24DEC,Fed funds rate in Dec 2024?,2024-12-18,5.25,finalized,no,2024-02-19T15:00:00Z,2024-12-18T18:55:00Z,218298.0,True,Will the upper bound of the federal funds rate be above 5.25% following the Fed's December meeting?
FED-24DEC-T5.50,FED-24DEC,Fed funds rate in Dec 2024?,2024-12-18,5.5,finalized,no,2024-02-19T15:00:00Z,2024-12-18T18:55:00Z,21479.0,True,Will the upper bound of the federal funds rate be above 5.50% following the Fed's December meeting?
FED-25JAN-T3.25,FED-25JAN,Fed funds rate in Jan 2025?,2025-01-29,3.25,finalized,yes,2023-07-06T14:00:00Z,2025-01-29T18:55:00Z,12513.0,True,Will the upper bound of the federal funds rate be above 3.25% following the Fed's January meeting?
FED-25JAN-T3.50,FED-25JAN,Fed funds rate in Jan 2025?,2025-01-29,3.5,finalized,yes,2023-07-06T14:00:00Z,2025-01-29T18:55:00Z,11805.0,True,Will the upper bound of the federal funds rate be above 3.50% following the Fed's January meeting?
FED-25JAN-T3.75,FED-25JAN,Fed funds rate in Jan 2025?,2025-01-29,3.75,finalized,yes,2023-07-06T14:00:00Z,2025-01-29T18:55:00Z,7820.0,True,Will the upper bound of the federal funds rate be above 3.75% following the Fed's January meeting?
FED-25JAN-T4.00,FED-25JAN,Fed funds rate in Jan 2025?,2025-01-29,4.0,finalized,yes,2023-07-06T14:00:00Z,2025-01-29T18:55:00Z,53985.0,True,Will the upper bound of the federal funds rate be above 4.00% following the Fed's January meeting?
FED-25JAN-T4.25,FED-25JAN,Fed funds rate in Jan 2025?,2025-01-29,4.25,finalized,yes,2023-07-06T14:00:00Z,2025-01-29T18:55:00Z,168906.0,True,Will the upper bound of the federal funds rate be above 4.25% following the Fed's January meeting?
FED-25JAN-T4.50,FED-25JAN,Fed funds rate in Jan 2025?,2025-01-29,4.5,finalized,no,2023-07-06T14:00:00Z,2025-01-29T18:55:00Z,79292.0,True,Will the upper bound of the federal funds rate be above 4.50% following the Fed's January meeting?
FED-25JAN-T4.75,FED-25JAN,Fed funds rate in Jan 2025?,2025-01-29,4.75,finalized,no,2023-07-06T14:00:00Z,2025-01-29T18:55:00Z,55816.0,True,Will the upper bound of the federal funds rate be above 4.75% following the Fed's January meeting?
FED-25JAN-T5.00,FED-25JAN,Fed funds rate in Jan 2025?,2025-01-29,5.0,finalized,no,2024-02-19T15:00:00Z,2025-01-29T18:55:00Z,29913.0,True,Will the upper bound of the federal funds rate be above 5.00% following the Fed's January meeting?
FED-25JAN-T5.25,FED-25JAN,Fed funds rate in Jan 2025?,2025-01-29,5.25,finalized,no,2024-02-19T15:00:00Z,2025-01-29T18:55:00Z,25724.0,True,Will the upper bound of the federal funds rate be above 5.25% following the Fed's January meeting?
FED-25JAN-T5.50,FED-25JAN,Fed funds rate in Jan 2025?,2025-01-29,5.5,finalized,no,2024-02-19T15:00:00Z,2025-01-29T18:55:00Z,10881.0,True,Will the upper bound of the federal funds rate be above 5.50% following the Fed's January meeting?
FED-25MAR-T2.75,FED-25MAR,Fed funds rate in Mar 2025?,2025-03-19,2.75,finalized,yes,2024-08-21T14:00:00Z,2025-03-19T17:55:00Z,409.0,True,"Will the upper bound of the federal funds rate be above 2.75% following the Fed's Mar 19, 2025 meeting?"
FED-25MAR-T3.00,FED-25MAR,Fed funds rate in Mar 2025?,2025-03-19,3.0,finalized,yes,2024-08-21T14:00:00Z,2025-03-19T17:55:00Z,0.0,True,"Will the upper bound of the federal funds rate be above 3.00% following the Fed's Mar 19, 2025 meeting?"
FED-25MAR-T3.25,FED-25MAR,Fed funds rate in Mar 2025?,2025-03-19,3.25,finalized,yes,2024-08-21T14:00:00Z,2025-03-19T17:55:00Z,300.0,True,"Will the upper bound of the federal funds rate be above 3.25% following the Fed's Mar 19, 2025 meeting?"
FED-25MAR-T3.50,FED-25MAR,Fed funds rate in Mar 2025?,2025-03-19,3.5,finalized,yes,2024-08-21T14:00:00Z,2025-03-19T17:55:00Z,3600.0,True,"Will the upper bound of the federal funds rate be above 3.50% following the Fed's Mar 19, 2025 meeting?"
FED-25MAR-T3.75,FED-25MAR,Fed funds rate in Mar 2025?,2025-03-19,3.75,finalized,yes,2024-08-21T14:00:00Z,2025-03-19T17:55:00Z,23572.0,True,"Will the upper bound of the federal funds rate be above 3.75% following the Fed's Mar 19, 2025 meeting?"
FED-25MAR-T4.00,FED-25MAR,Fed funds rate in Mar 2025?,2025-03-19,4.0,finalized,yes,2024-08-21T14:00:00Z,2025-03-19T17:55:00Z,26836.0,True,"Will the upper bound of the federal funds rate be above 4.00% following the Fed's Mar 19, 2025 meeting?"
FED-25MAR-T4.25,FED-25MAR,Fed funds rate in Mar 2025?,2025-03-19,4.25,finalized,yes,2024-08-21T14:00:00Z,2025-03-19T17:55:00Z,204160.0,True,"Will the upper bound of the federal funds rate be above 4.25% following the Fed's Mar 19, 2025 meeting?"
FED-25MAR-T4.50,FED-25MAR,Fed funds rate in Mar 2025?,2025-03-19,4.5,finalized,no,2024-08-21T14:00:00Z,2025-03-19T17:55:00Z,34006.0,True,"Will the upper bound of the federal funds rate be above 4.50% following the Fed's Mar 19, 2025 meeting?"
FED-25MAR-T4.75,FED-25MAR,Fed funds rate in Mar 2025?,2025-03-19,4.75,finalized,no,2024-08-21T14:00:00Z,2025-03-19T17:55:00Z,153.0,True,"Will the upper bound of the federal funds rate be above 4.75% following the Fed's Mar 19, 2025 meeting?"
FED-25MAR-T5.00,FED-25MAR,Fed funds rate in Mar 2025?,2025-03-19,5.0,finalized,no,2024-08-21T14:00:00Z,2025-03-19T17:55:00Z,0.0,True,"Will the upper bound of the federal funds rate be above 5.00% following the Fed's Mar 19, 2025 meeting?"
FED-25MAR-T5.25,FED-25MAR,Fed funds rate in Mar 2025?,2025-03-19,5.25,finalized,no,2024-08-21T14:00:00Z,2025-03-19T17:55:00Z,0.0,True,"Will the upper bound of the federal funds rate be above 5.25% following the Fed's Mar 19, 2025 meeting?"
FED-25MAY-T2.75,FED-25MAY,Fed funds rate in May 2025?,2025-05-07,2.75,finalized,yes,2024-08-21T14:00:00Z,2025-05-07T17:55:00Z,1799.0,True,"Will the upper bound of the federal funds rate be above 2.75% following the Fed's May 7, 2025 meeting?"
FED-25MAY-T3.00,FED-25MAY,Fed funds rate in May 2025?,2025-05-07,3.0,finalized,yes,2024-08-21T14:00:00Z,2025-05-07T17:55:00Z,3702.0,True,"Will the upper bound of the federal funds rate be above 3.00% following the Fed's May 7, 2025 meeting?"
FED-25MAY-T3.25,FED-25MAY,Fed funds rate in May 2025?,2025-05-07,3.25,finalized,yes,2024-08-21T14:00:00Z,2025-05-07T17:55:00Z,10921.0,True,"Will the upper bound of the federal funds rate be above 3.25% following the Fed's May 7, 2025 meeting?"
FED-25MAY-T3.50,FED-25MAY,Fed funds rate in May 2025?,2025-05-07,3.5,finalized,yes,2024-08-21T14:00:00Z,2025-05-07T17:55:00Z,12031.0,True,"Will the upper bound of the federal funds rate be above 3.50% following the Fed's May 7, 2025 meeting?"
FED-25MAY-T3.75,FED-25MAY,Fed funds rate in May 2025?,2025-05-07,3.75,finalized,yes,2024-08-21T14:00:00Z,2025-05-07T17:55:00Z,68321.0,True,"Will the upper bound of the federal funds rate be above 3.75% following the Fed's May 7, 2025 meeting?"
FED-25MAY-T4.00,FED-25MAY,Fed funds rate in May 2025?,2025-05-07,4.0,finalized,yes,2024-08-21T14:00:00Z,2025-05-07T17:55:00Z,2691205.0,True,"Will the upper bound of the federal funds rate be above 4.00% following the Fed's May 7, 2025 meeting?"
FED-25MAY-T4.25,FED-25MAY,Fed funds rate in May 2025?,2025-05-07,4.25,finalized,yes,2024-08-21T14:00:00Z,2025-05-07T17:55:00Z,3745708.0,True,"Will the upper bound of the federal funds rate be above 4.25% following the Fed's May 7, 2025 meeting?"
FED-25MAY-T4.50,FED-25MAY,Fed funds rate in May 2025?,2025-05-07,4.5,finalized,no,2024-08-21T14:00:00Z,2025-05-07T17:55:00Z,188717.0,True,"Will the upper bound of the federal funds rate be above 4.50% following the Fed's May 7, 2025 meeting?"
FED-25MAY-T4.75,FED-25MAY,Fed funds rate in May 2025?,2025-05-07,4.75,finalized,no,2024-08-21T14:00:00Z,2025-05-07T17:55:00Z,2188.0,True,"Will the upper bound of the federal funds rate be above 4.75% following the Fed's May 7, 2025 meeting?"
FED-25MAY-T5.00,FED-25MAY,Fed funds rate in May 2025?,2025-05-07,5.0,finalized,no,2024-08-21T14:00:00Z,2025-05-07T17:55:00Z,396.0,True,"Will the upper bound of the federal funds rate be above 5.00% following the Fed's May 7, 2025 meeting?"
FED-25MAY-T5.25,FED-25MAY,Fed funds rate in May 2025?,2025-05-07,5.25,finalized,no,2024-08-21T14:00:00Z,2025-05-07T17:55:00Z,1108.0,True,"Will the upper bound of the federal funds rate be above 5.25% following the Fed's May 7, 2025 meeting?"
FED-25JUN-T2.75,FED-25JUN,Fed funds rate in Jun 2025?,2025-06-18,2.75,finalized,yes,2024-08-21T14:00:00Z,2025-06-18T17:55:00Z,58724.0,True,"Will the upper bound of the federal funds rate be above 2.75% following the Fed's Jun 18, 2025 meeting?"
FED-25JUN-T3.00,FED-25JUN,Fed funds rate in Jun 2025?,2025-06-18,3.0,finalized,yes,2024-08-21T14:00:00Z,2025-06-18T17:55:00Z,29090.0,True,"Will the upper bound of the federal funds rate be above 3.00% following the Fed's Jun 18, 2025 meeting?"
FED-25JUN-T3.25,FED-25JUN,Fed funds rate in Jun 2025?,2025-06-18,3.25,finalized,yes,2024-08-21T14:00:00Z,2025-06-18T17:55:00Z,93034.0,True,"Will the upper bound of the federal funds rate be above 3.25% following the Fed's Jun 18, 2025 meeting?"
FED-25JUN-T3.50,FED-25JUN,Fed funds rate in Jun 2025?,2025-06-18,3.5,finalized,yes,2024-08-21T14:00:00Z,2025-06-18T17:55:00Z,32812.0,True,"Will the upper bound of the federal funds rate be above 3.50% following the Fed's Jun 18, 2025 meeting?"
FED-25JUN-T3.75,FED-25JUN,Fed funds rate in Jun 2025?,2025-06-18,3.75,finalized,yes,2024-08-21T14:00:00Z,2025-06-18T17:55:00Z,44605.0,True,"Will the upper bound of the federal funds rate be above 3.75% following the Fed's Jun 18, 2025 meeting?"
FED-25JUN-T4.00,FED-25JUN,Fed funds rate in Jun 2025?,2025-06-18,4.0,finalized,yes,2024-08-21T14:00:00Z,2025-06-18T17:55:00Z,199707.0,True,"Will the upper bound of the federal funds rate be above 4.00% following the Fed's Jun 18, 2025 meeting?"
FED-25JUN-T4.25,FED-25JUN,Fed funds rate in Jun 2025?,2025-06-18,4.25,finalized,yes,2024-08-21T14:00:00Z,2025-06-18T17:55:00Z,747523.0,True,"Will the upper bound of the federal funds rate be above 4.25% following the Fed's Jun 18, 2025 meeting?"
FED-25JUN-T4.50,FED-25JUN,Fed funds rate in Jun 2025?,2025-06-18,4.5,finalized,no,2024-08-21T14:00:00Z,2025-06-18T17:55:00Z,457475.0,True,"Will the upper bound of the federal funds rate be above 4.50% following the Fed's Jun 18, 2025 meeting?"
FED-25JUN-T4.75,FED-25JUN,Fed funds rate in Jun 2025?,2025-06-18,4.75,finalized,no,2024-08-21T14:00:00Z,2025-06-18T17:55:00Z,24489.0,True,"Will the upper bound of the federal funds rate be above 4.75% following the Fed's Jun 18, 2025 meeting?"
FED-25JUN-T5.00,FED-25JUN,Fed funds rate in Jun 2025?,2025-06-18,5.0,finalized,no,2024-08-21T14:00:00Z,2025-06-18T17:55:00Z,15185.0,True,"Will the upper bound of the federal funds rate be above 5.00% following the Fed's Jun 18, 2025 meeting?"
FED-25JUN-T5.25,FED-25JUN,Fed funds rate in Jun 2025?,2025-06-18,5.25,finalized,no,2024-08-21T14:00:00Z,2025-06-18T17:55:00Z,15409.0,True,"Will the upper bound of the federal funds rate be above 5.25% following the Fed's Jun 18, 2025 meeting?"
FED-25JUL-T2.75,FED-25JUL,Fed funds rate in Jul 2025?,2025-07-30,2.75,finalized,yes,2024-08-21T14:00:00Z,2025-07-30T17:55:00Z,85746.0,True,"Will the upper bound of the federal funds rate be above 2.75% following the Fed's Jul 30, 2025 meeting?"
FED-25JUL-T3.00,FED-25JUL,Fed funds rate in Jul 2025?,2025-07-30,3.0,finalized,yes,2024-08-21T14:00:00Z,2025-07-30T17:55:00Z,17883.0,True,"Will the upper bound of the federal funds rate be above 3.00% following the Fed's Jul 30, 2025 meeting?"
FED-25JUL-T3.25,FED-25JUL,Fed funds rate in Jul 2025?,2025-07-30,3.25,finalized,yes,2024-08-21T14:00:00Z,2025-07-30T17:55:00Z,13956.0,True,"Will the upper bound of the federal funds rate be above 3.25% following the Fed's Jul 30, 2025 meeting?"
FED-25JUL-T3.50,FED-25JUL,Fed funds rate in Jul 2025?,2025-07-30,3.5,finalized,yes,2024-08-21T14:00:00Z,2025-07-30T17:55:00Z,14829.0,True,"Will the upper bound of the federal funds rate be above 3.50% following the Fed's Jul 30, 2025 meeting?"
FED-25JUL-T3.75,FED-25JUL,Fed funds rate in Jul 2025?,2025-07-30,3.75,finalized,yes,2024-08-21T14:00:00Z,2025-07-30T17:55:00Z,22994.0,True,"Will the upper bound of the federal funds rate be above 3.75% following the Fed's Jul 30, 2025 meeting?"
FED-25JUL-T4.00,FED-25JUL,Fed funds rate in Jul 2025?,2025-07-30,4.0,finalized,yes,2024-08-21T14:00:00Z,2025-07-30T17:55:00Z,155789.0,True,"Will the upper bound of the federal funds rate be above 4.00% following the Fed's Jul 30, 2025 meeting?"
FED-25JUL-T4.25,FED-25JUL,Fed funds rate in Jul 2025?,2025-07-30,4.25,finalized,yes,2024-08-21T14:00:00Z,2025-07-30T17:55:00Z,1283855.0,True,"Will the upper bound of the federal funds rate be above 4.25% following the Fed's Jul 30, 2025 meeting?"
FED-25JUL-T4.50,FED-25JUL,Fed funds rate in Jul 2025?,2025-07-30,4.5,finalized,no,2024-08-21T14:00:00Z,2025-07-30T17:55:00Z,173893.0,True,"Will the upper bound of the federal funds rate be above 4.50% following the Fed's Jul 30, 2025 meeting?"
FED-25JUL-T4.75,FED-25JUL,Fed funds rate in Jul 2025?,2025-07-30,4.75,finalized,no,2024-08-21T14:00:00Z,2025-07-30T17:55:00Z,27004.0,True,"Will the upper bound of the federal funds rate be above 4.75% following the Fed's Jul 30, 2025 meeting?"
FED-25JUL-T5.00,FED-25JUL,Fed funds rate in Jul 2025?,2025-07-30,5.0,finalized,no,2024-08-21T14:00:00Z,2025-07-30T17:55:00Z,6635.0,True,"Will the upper bound of the federal funds rate be above 5.00% following the Fed's Jul 30, 2025 meeting?"
FED-25JUL-T5.25,FED-25JUL,Fed funds rate in Jul 2025?,2025-07-30,5.25,finalized,no,2024-08-21T14:00:00Z,2025-07-30T17:55:00Z,14776.0,True,"Will the upper bound of the federal funds rate be above 5.25% following the Fed's Jul 30, 2025 meeting?"
FED-25SEP-T2.75,FED-25SEP,Fed funds rate in Sep 2025?,2025-09-17,2.75,finalized,yes,2024-08-21T14:00:00Z,2025-09-17T17:55:00Z,59331.0,True,"Will the upper bound of the federal funds rate be above 2.75% following the Fed's Sep 17, 2025 meeting?"
FED-25SEP-T3.00,FED-25SEP,Fed funds rate in Sep 2025?,2025-09-17,3.0,finalized,yes,2024-08-21T14:00:00Z,2025-09-17T17:55:00Z,9834.0,True,"Will the upper bound of the federal funds rate be above 3.00% following the Fed's Sep 17, 2025 meeting?"
FED-25SEP-T3.25,FED-25SEP,Fed funds rate in Sep 2025?,2025-09-17,3.25,finalized,yes,2024-08-21T14:00:00Z,2025-09-17T17:55:00Z,11344.0,True,"Will the upper bound of the federal funds rate be above 3.25% following the Fed's Sep 17, 2025 meeting?"
FED-25SEP-T3.50,FED-25SEP,Fed funds rate in Sep 2025?,2025-09-17,3.5,finalized,yes,2024-08-21T14:00:00Z,2025-09-17T17:55:00Z,31876.0,True,"Will the upper bound of the federal funds rate be above 3.50% following the Fed's Sep 17, 2025 meeting?"
FED-25SEP-T3.75,FED-25SEP,Fed funds rate in Sep 2025?,2025-09-17,3.75,finalized,yes,2024-08-21T14:00:00Z,2025-09-17T17:55:00Z,140199.0,True,"Will the upper bound of the federal funds rate be above 3.75% following the Fed's Sep 17, 2025 meeting?"
FED-25SEP-T4.00,FED-25SEP,Fed funds rate in Sep 2025?,2025-09-17,4.0,finalized,yes,2024-08-21T14:00:00Z,2025-09-17T17:55:00Z,983052.0,True,"Will the upper bound of the federal funds rate be above 4.00% following the Fed's Sep 17, 2025 meeting?"
FED-25SEP-T4.25,FED-25SEP,Fed funds rate in Sep 2025?,2025-09-17,4.25,finalized,no,2024-08-21T14:00:00Z,2025-09-17T17:55:00Z,2182903.0,True,"Will the upper bound of the federal funds rate be above 4.25% following the Fed's Sep 17, 2025 meeting?"
FED-25SEP-T4.50,FED-25SEP,Fed funds rate in Sep 2025?,2025-09-17,4.5,finalized,no,2024-08-21T14:00:00Z,2025-09-17T17:55:00Z,389905.0,True,"Will the upper bound of the federal funds rate be above 4.50% following the Fed's Sep 17, 2025 meeting?"
FED-25SEP-T4.75,FED-25SEP,Fed funds rate in Sep 2025?,2025-09-17,4.75,finalized,no,2024-08-21T14:00:00Z,2025-09-17T17:55:00Z,27270.0,True,"Will the upper bound of the federal funds rate be above 4.75% following the Fed's Sep 17, 2025 meeting?"
FED-25SEP-T5.00,FED-25SEP,Fed funds rate in Sep 2025?,2025-09-17,5.0,finalized,no,2024-08-21T14:00:00Z,2025-09-17T17:55:00Z,1665.0,True,"Will the upper bound of the federal funds rate be above 5.00% following the Fed's Sep 17, 2025 meeting?"
FED-25SEP-T5.25,FED-25SEP,Fed funds rate in Sep 2025?,2025-09-17,5.25,finalized,no,2024-08-21T14:00:00Z,2025-09-17T17:55:00Z,221.0,True,"Will the upper bound of the federal funds rate be above 5.25% following the Fed's Sep 17, 2025 meeting?"
FED-25OCT-T2.75,FED-25OCT,Fed funds rate in Oct 2025?,2025-10-29,2.75,finalized,yes,2024-08-21T14:00:00Z,2025-10-29T17:55:00Z,9906.0,True,"Will the upper bound of the federal funds rate be above 2.75% following the Fed's Oct 29, 2025 meeting?"
FED-25OCT-T3.00,FED-25OCT,Fed funds rate in Oct 2025?,2025-10-29,3.0,finalized,yes,2024-08-21T14:00:00Z,2025-10-29T17:55:00Z,7927.0,True,"Will the upper bound of the federal funds rate be above 3.00% following the Fed's Oct 29, 2025 meeting?"
FED-25OCT-T3.25,FED-25OCT,Fed funds rate in Oct 2025?,2025-10-29,3.25,finalized,yes,2024-08-21T14:00:00Z,2025-10-29T17:55:00Z,22913.0,True,"Will the upper bound of the federal funds rate be above 3.25% following the Fed's Oct 29, 2025 meeting?"
FED-25OCT-T3.50,FED-25OCT,Fed funds rate in Oct 2025?,2025-10-29,3.5,finalized,yes,2024-08-21T14:00:00Z,2025-10-29T17:55:00Z,22487.0,True,"Will the upper bound of the federal funds rate be above 3.50% following the Fed's Oct 29, 2025 meeting?"
FED-25OCT-T3.75,FED-25OCT,Fed funds rate in Oct 2025?,2025-10-29,3.75,finalized,yes,2024-08-21T14:00:00Z,2025-10-29T17:55:00Z,197440.0,True,"Will the upper bound of the federal funds rate be above 3.75% following the Fed's Oct 29, 2025 meeting?"
FED-25OCT-T4.00,FED-25OCT,Fed funds rate in Oct 2025?,2025-10-29,4.0,finalized,no,2024-08-21T14:00:00Z,2025-10-29T17:55:00Z,426779.0,True,"Will the upper bound of the federal funds rate be above 4.00% following the Fed's Oct 29, 2025 meeting?"
FED-25OCT-T4.25,FED-25OCT,Fed funds rate in Oct 2025?,2025-10-29,4.25,finalized,no,2024-08-21T14:00:00Z,2025-10-29T17:55:00Z,195282.0,True,"Will the upper bound of the federal funds rate be above 4.25% following the Fed's Oct 29, 2025 meeting?"
FED-25OCT-T4.50,FED-25OCT,Fed funds rate in Oct 2025?,2025-10-29,4.5,finalized,no,2024-08-21T14:00:00Z,2025-10-29T17:55:00Z,9823.0,True,"Will the upper bound of the federal funds rate be above 4.50% following the Fed's Oct 29, 2025 meeting?"
FED-25OCT-T4.75,FED-25OCT,Fed funds rate in Oct 2025?,2025-10-29,4.75,finalized,no,2024-08-21T14:00:00Z,2025-10-29T17:55:00Z,5246.0,True,"Will the upper bound of the federal funds rate be above 4.75% following the Fed's Oct 29, 2025 meeting?"
FED-25OCT-T5.00,FED-25OCT,Fed funds rate in Oct 2025?,2025-10-29,5.0,finalized,no,2024-08-21T14:00:00Z,2025-10-29T17:55:00Z,695.0,True,"Will the upper bound of the federal funds rate be above 5.00% following the Fed's Oct 29, 2025 meeting?"
FED-25OCT-T5.25,FED-25OCT,Fed funds rate in Oct 2025?,2025-10-29,5.25,finalized,no,2024-08-21T14:00:00Z,2025-10-29T17:55:00Z,542.0,True,"Will the upper bound of the federal funds rate be above 5.25% following the Fed's Oct 29, 2025 meeting?"
FED-25DEC-T2.75,FED-25DEC,Fed funds rate in Dec 2025?,2025-12-10,2.75,finalized,yes,2024-08-21T14:00:00Z,2025-12-10T18:55:00Z,16598.0,True,"Will the upper bound of the federal funds rate be above 2.75% following the Fed's Dec 10, 2025 meeting?"
FED-25DEC-T3.00,FED-25DEC,Fed funds rate in Dec 2025?,2025-12-10,3.0,finalized,yes,2024-08-21T14:00:00Z,2025-12-10T18:55:00Z,24330.0,True,"Will the upper bound of the federal funds rate be above 3.00% following the Fed's Dec 10, 2025 meeting?"
FED-25DEC-T3.25,FED-25DEC,Fed funds rate in Dec 2025?,2025-12-10,3.25,finalized,yes,2024-08-21T14:00:00Z,2025-12-10T18:55:00Z,11351.0,True,"Will the upper bound of the federal funds rate be above 3.25% following the Fed's Dec 10, 2025 meeting?"
FED-25DEC-T3.50,FED-25DEC,Fed funds rate in Dec 2025?,2025-12-10,3.5,finalized,yes,2024-08-21T14:00:00Z,2025-12-10T18:55:00Z,49476.0,True,"Will the upper bound of the federal funds rate be above 3.50% following the Fed's Dec 10, 2025 meeting?"
FED-25DEC-T3.75,FED-25DEC,Fed funds rate in Dec 2025?,2025-12-10,3.75,finalized,no,2024-08-21T14:00:00Z,2025-12-10T18:55:00Z,804003.0,True,"Will the upper bound of the federal funds rate be above 3.75% following the Fed's Dec 10, 2025 meeting?"
FED-25DEC-T4.00,FED-25DEC,Fed funds rate in Dec 2025?,2025-12-10,4.0,finalized,no,2024-08-21T14:00:00Z,2025-12-10T18:55:00Z,163654.0,True,"Will the upper bound of the federal funds rate be above 4.00% following the Fed's Dec 10, 2025 meeting?"
FED-25DEC-T4.25,FED-25DEC,Fed funds rate in Dec 2025?,2025-12-10,4.25,finalized,no,2024-08-21T14:00:00Z,2025-12-10T18:55:00Z,82209.0,True,"Will the upper bound of the federal funds rate be above 4.25% following the Fed's Dec 10, 2025 meeting?"
FED-25DEC-T4.50,FED-25DEC,Fed funds rate in Dec 2025?,2025-12-10,4.5,finalized,no,2024-08-21T14:00:00Z,2025-12-10T18:55:00Z,25217.0,True,"Will the upper bound of the federal funds rate be above 4.50% following the Fed's Dec 10, 2025 meeting?"
FED-25DEC-T4.75,FED-25DEC,Fed funds rate in Dec 2025?,2025-12-10,4.75,finalized,no,2024-08-21T14:00:00Z,2025-12-10T18:55:00Z,7710.0,True,"Will the upper bound of the federal funds rate be above 4.75% following the Fed's Dec 10, 2025 meeting?"
FED-25DEC-T5.00,FED-25DEC,Fed funds rate in Dec 2025?,2025-12-10,5.0,finalized,no,2024-08-21T14:00:00Z,2025-12-10T18:55:00Z,3769.0,True,"Will the upper bound of the federal funds rate be above 5.00% following the Fed's Dec 10, 2025 meeting?"
FED-25DEC-T5.25,FED-25DEC,Fed funds rate in Dec 2025?,2025-12-10,5.25,finalized,no,2024-08-21T14:00:00Z,2025-12-10T18:55:00Z,11837.0,True,"Will the upper bound of the federal funds rate be above 5.25% following the Fed's Dec 10, 2025 meeting?"
KXFED-26JAN-T2.75,KXFED-26JAN,Fed funds rate after Jan 2026 meeting?,2026-01-28,2.75,finalized,yes,2025-08-06T14:00:00Z,2026-01-28T18:55:00Z,9736.0,True,"Will the upper bound of the federal funds rate be above 2.75% following the Fed's Jan 28, 2026 meeting?"
KXFED-26JAN-T3.00,KXFED-26JAN,Fed funds rate after Jan 2026 meeting?,2026-01-28,3.0,finalized,yes,2025-08-06T14:00:00Z,2026-01-28T18:55:00Z,14213.0,True,"Will the upper bound of the federal funds rate be above 3.00% following the Fed's Jan 28, 2026 meeting?"
KXFED-26JAN-T3.25,KXFED-26JAN,Fed funds rate after Jan 2026 meeting?,2026-01-28,3.25,finalized,yes,2025-08-06T14:00:00Z,2026-01-28T18:55:00Z,14110.0,True,"Will the upper bound of the federal funds rate be above 3.25% following the Fed's Jan 28, 2026 meeting?"
KXFED-26JAN-T3.50,KXFED-26JAN,Fed funds rate after Jan 2026 meeting?,2026-01-28,3.5,finalized,yes,2025-08-06T14:00:00Z,2026-01-28T18:55:00Z,387829.0,True,"Will the upper bound of the federal funds rate be above 3.50% following the Fed's Jan 28, 2026 meeting?"
KXFED-26JAN-T3.75,KXFED-26JAN,Fed funds rate after Jan 2026 meeting?,2026-01-28,3.75,finalized,no,2025-08-06T14:00:00Z,2026-01-28T18:55:00Z,781834.0,True,"Will the upper bound of the federal funds rate be above 3.75% following the Fed's Jan 28, 2026 meeting?"
KXFED-26JAN-T4.00,KXFED-26JAN,Fed funds rate after Jan 2026 meeting?,2026-01-28,4.0,finalized,no,2025-08-06T14:00:00Z,2026-01-28T18:55:00Z,219801.0,True,"Will the upper bound of the federal funds rate be above 4.00% following the Fed's Jan 28, 2026 meeting?"
KXFED-26JAN-T4.25,KXFED-26JAN,Fed funds rate after Jan 2026 meeting?,2026-01-28,4.25,finalized,no,2025-08-06T14:00:00Z,2026-01-28T18:55:00Z,75345.0,True,"Will the upper bound of the federal funds rate be above 4.25% following the Fed's Jan 28, 2026 meeting?"
KXFED-26JAN-T4.50,KXFED-26JAN,Fed funds rate after Jan 2026 meeting?,2026-01-28,4.5,finalized,no,2025-08-06T14:00:00Z,2026-01-28T18:55:00Z,72949.0,True,"Will the upper bound of the federal funds rate be above 4.50% following the Fed's Jan 28, 2026 meeting?"
KXFED-26JAN-T4.75,KXFED-26JAN,Fed funds rate after Jan 2026 meeting?,2026-01-28,4.75,finalized,no,2025-08-06T14:00:00Z,2026-01-28T18:55:00Z,24627.0,True,"Will the upper bound of the federal funds rate be above 4.75% following the Fed's Jan 28, 2026 meeting?"
KXFED-26JAN-T5.00,KXFED-26JAN,Fed funds rate after Jan 2026 meeting?,2026-01-28,5.0,finalized,no,2025-08-06T14:00:00Z,2026-01-28T18:55:00Z,12045.0,True,"Will the upper bound of the federal funds rate be above 5.00% following the Fed's Jan 28, 2026 meeting?"
KXFED-26JAN-T5.25,KXFED-26JAN,Fed funds rate after Jan 2026 meeting?,2026-01-28,5.25,finalized,no,2025-08-06T14:00:00Z,2026-01-28T18:55:00Z,13274.0,True,"Will the upper bound of the federal funds rate be above 5.25% following the Fed's Jan 28, 2026 meeting?"
KXFED-26MAR-T2.75,KXFED-26MAR,Fed funds rate after Mar 2026 meeting?,2026-03-18,2.75,finalized,yes,2025-08-06T14:00:00Z,2026-03-18T17:55:00Z,218524.0,True,"Will the upper bound of the federal funds rate be above 2.75% following the Fed's Mar 18, 2026 meeting?"
KXFED-26MAR-T3.00,KXFED-26MAR,Fed funds rate after Mar 2026 meeting?,2026-03-18,3.0,finalized,yes,2025-08-06T14:00:00Z,2026-03-18T17:55:00Z,114101.0,True,"Will the upper bound of the federal funds rate be above 3.00% following the Fed's Mar 18, 2026 meeting?"
KXFED-26MAR-T3.25,KXFED-26MAR,Fed funds rate after Mar 2026 meeting?,2026-03-18,3.25,finalized,yes,2025-08-06T14:00:00Z,2026-03-18T17:55:00Z,119466.0,True,"Will the upper bound of the federal funds rate be above 3.25% following the Fed's Mar 18, 2026 meeting?"
KXFED-26MAR-T3.50,KXFED-26MAR,Fed funds rate after Mar 2026 meeting?,2026-03-18,3.5,finalized,yes,2025-08-06T14:00:00Z,2026-03-18T17:55:00Z,125802.0,True,"Will the upper bound of the federal funds rate be above 3.50% following the Fed's Mar 18, 2026 meeting?"
KXFED-26MAR-T3.75,KXFED-26MAR,Fed funds rate after Mar 2026 meeting?,2026-03-18,3.75,finalized,no,2025-08-06T14:00:00Z,2026-03-18T17:55:00Z,930486.0,True,"Will the upper bound of the federal funds rate be above 3.75% following the Fed's Mar 18, 2026 meeting?"
KXFED-26MAR-T4.00,KXFED-26MAR,Fed funds rate after Mar 2026 meeting?,2026-03-18,4.0,finalized,no,2025-08-06T14:00:00Z,2026-03-18T17:55:00Z,149225.0,True,"Will the upper bound of the federal funds rate be above 4.00% following the Fed's Mar 18, 2026 meeting?"
KXFED-26MAR-T4.25,KXFED-26MAR,Fed funds rate after Mar 2026 meeting?,2026-03-18,4.25,finalized,no,2025-08-06T14:00:00Z,2026-03-18T17:55:00Z,22014.0,True,"Will the upper bound of the federal funds rate be above 4.25% following the Fed's Mar 18, 2026 meeting?"
KXFED-26MAR-T4.50,KXFED-26MAR,Fed funds rate after Mar 2026 meeting?,2026-03-18,4.5,finalized,no,2025-08-06T14:00:00Z,2026-03-18T17:55:00Z,10659.0,True,"Will the upper bound of the federal funds rate be above 4.50% following the Fed's Mar 18, 2026 meeting?"
KXFED-26MAR-T4.75,KXFED-26MAR,Fed funds rate after Mar 2026 meeting?,2026-03-18,4.75,finalized,no,2025-08-06T14:00:00Z,2026-03-18T17:55:00Z,6652.0,True,"Will the upper bound of the federal funds rate be above 4.75% following the Fed's Mar 18, 2026 meeting?"
KXFED-26MAR-T5.00,KXFED-26MAR,Fed funds rate after Mar 2026 meeting?,2026-03-18,5.0,finalized,no,2025-08-06T14:00:00Z,2026-03-18T17:55:00Z,1880.0,True,"Will the upper bound of the federal funds rate be above 5.00% following the Fed's Mar 18, 2026 meeting?"
KXFED-26MAR-T5.25,KXFED-26MAR,Fed funds rate after Mar 2026 meeting?,2026-03-18,5.25,finalized,no,2025-08-06T14:00:00Z,2026-03-18T17:55:00Z,4641.0,True,"Will the upper bound of the federal funds rate be above 5.25% following the Fed's Mar 18, 2026 meeting?"
KXFED-26APR-T2.75,KXFED-26APR,Fed funds rate after Apr 2026 meeting?,2026-04-29,2.75,finalized,yes,2025-08-06T14:30:00Z,2026-04-29T17:55:00Z,55890.32,True,"Will the upper bound of the federal funds rate be above 2.75% following the Fed's Apr 29, 2026 meeting?"
KXFED-26APR-T3.00,KXFED-26APR,Fed funds rate after Apr 2026 meeting?,2026-04-29,3.0,finalized,yes,2025-08-06T14:30:00Z,2026-04-29T17:55:00Z,369024.19,True,"Will the upper bound of the federal funds rate be above 3.00% following the Fed's Apr 29, 2026 meeting?"
KXFED-26APR-T3.25,KXFED-26APR,Fed funds rate after Apr 2026 meeting?,2026-04-29,3.25,finalized,yes,2025-08-06T14:30:00Z,2026-04-29T17:55:00Z,227314.31,True,"Will the upper bound of the federal funds rate be above 3.25% following the Fed's Apr 29, 2026 meeting?"
KXFED-26APR-T3.50,KXFED-26APR,Fed funds rate after Apr 2026 meeting?,2026-04-29,3.5,finalized,yes,2025-08-06T14:30:00Z,2026-04-29T17:55:00Z,124408.99,True,"Will the upper bound of the federal funds rate be above 3.50% following the Fed's Apr 29, 2026 meeting?"
KXFED-26APR-T3.75,KXFED-26APR,Fed funds rate after Apr 2026 meeting?,2026-04-29,3.75,finalized,no,2025-08-06T14:30:00Z,2026-04-29T17:55:00Z,3055286.8,True,"Will the upper bound of the federal funds rate be above 3.75% following the Fed's Apr 29, 2026 meeting?"
KXFED-26APR-T4.00,KXFED-26APR,Fed funds rate after Apr 2026 meeting?,2026-04-29,4.0,finalized,no,2025-08-06T14:30:00Z,2026-04-29T17:55:00Z,923510.63,True,"Will the upper bound of the federal funds rate be above 4.00% following the Fed's Apr 29, 2026 meeting?"
KXFED-26APR-T4.25,KXFED-26APR,Fed funds rate after Apr 2026 meeting?,2026-04-29,4.25,finalized,no,2025-08-06T14:30:00Z,2026-04-29T17:55:00Z,213360.22,True,"Will the upper bound of the federal funds rate be above 4.25% following the Fed's Apr 29, 2026 meeting?"
KXFED-26APR-T4.50,KXFED-26APR,Fed funds rate after Apr 2026 meeting?,2026-04-29,4.5,finalized,no,2025-08-06T14:30:00Z,2026-04-29T17:55:00Z,19436.36,True,"Will the upper bound of the federal funds rate be above 4.50% following the Fed's Apr 29, 2026 meeting?"
KXFED-26APR-T4.75,KXFED-26APR,Fed funds rate after Apr 2026 meeting?,2026-04-29,4.75,finalized,no,2025-08-06T14:30:00Z,2026-04-29T17:55:00Z,19372.21,True,"Will the upper bound of the federal funds rate be above 4.75% following the Fed's Apr 29, 2026 meeting?"
KXFED-26APR-T5.00,KXFED-26APR,Fed funds rate after Apr 2026 meeting?,2026-04-29,5.0,finalized,no,2025-08-06T14:30:00Z,2026-04-29T17:55:00Z,20249.2,True,"Will the upper bound of the federal funds rate be above 5.00% following the Fed's Apr 29, 2026 meeting?"
KXFED-26APR-T5.25,KXFED-26APR,Fed funds rate after Apr 2026 meeting?,2026-04-29,5.25,finalized,no,2025-08-06T14:30:00Z,2026-04-29T17:55:00Z,29256.24,True,"Will the upper bound of the federal funds rate be above 5.25% following the Fed's Apr 29, 2026 meeting?"
KXFED-26JUN-T2.75,KXFED-26JUN,Fed funds rate after Jun 2026 meeting?,2026-06-17,2.75,finalized,yes,2025-08-06T14:30:00Z,2026-06-17T17:55:00Z,60036.72,True,"Will the upper bound of the federal funds rate be above 2.75% following the Fed's Jun 17, 2026 meeting?"
KXFED-26JUN-T3.00,KXFED-26JUN,Fed funds rate after Jun 2026 meeting?,2026-06-17,3.0,finalized,yes,2025-08-06T14:30:00Z,2026-06-17T17:55:00Z,14577.98,True,"Will the upper bound of the federal funds rate be above 3.00% following the Fed's Jun 17, 2026 meeting?"
KXFED-26JUN-T3.25,KXFED-26JUN,Fed funds rate after Jun 2026 meeting?,2026-06-17,3.25,finalized,yes,2025-08-06T14:30:00Z,2026-06-17T17:55:00Z,151942.28,True,"Will the upper bound of the federal funds rate be above 3.25% following the Fed's Jun 17, 2026 meeting?"
KXFED-26JUN-T3.50,KXFED-26JUN,Fed funds rate after Jun 2026 meeting?,2026-06-17,3.5,finalized,yes,2025-08-06T14:30:00Z,2026-06-17T17:55:00Z,281496.14,True,"Will the upper bound of the federal funds rate be above 3.50% following the Fed's Jun 17, 2026 meeting?"
KXFED-26JUN-T3.75,KXFED-26JUN,Fed funds rate after Jun 2026 meeting?,2026-06-17,3.75,finalized,no,2025-08-06T14:30:00Z,2026-06-17T17:55:00Z,2453678.33,True,"Will the upper bound of the federal funds rate be above 3.75% following the Fed's Jun 17, 2026 meeting?"
KXFED-26JUN-T4.00,KXFED-26JUN,Fed funds rate after Jun 2026 meeting?,2026-06-17,4.0,finalized,no,2025-08-06T14:30:00Z,2026-06-17T17:55:00Z,217547.36,True,"Will the upper bound of the federal funds rate be above 4.00% following the Fed's Jun 17, 2026 meeting?"
KXFED-26JUN-T4.25,KXFED-26JUN,Fed funds rate after Jun 2026 meeting?,2026-06-17,4.25,finalized,no,2025-08-06T14:30:00Z,2026-06-17T17:55:00Z,31841.25,True,"Will the upper bound of the federal funds rate be above 4.25% following the Fed's Jun 17, 2026 meeting?"
KXFED-26JUN-T4.50,KXFED-26JUN,Fed funds rate after Jun 2026 meeting?,2026-06-17,4.5,finalized,no,2025-08-06T14:30:00Z,2026-06-17T17:55:00Z,29842.08,True,"Will the upper bound of the federal funds rate be above 4.50% following the Fed's Jun 17, 2026 meeting?"
KXFED-26JUN-T4.75,KXFED-26JUN,Fed funds rate after Jun 2026 meeting?,2026-06-17,4.75,finalized,no,2025-08-06T14:30:00Z,2026-06-17T17:55:00Z,3412.9,True,"Will the upper bound of the federal funds rate be above 4.75% following the Fed's Jun 17, 2026 meeting?"
KXFED-26JUN-T5.00,KXFED-26JUN,Fed funds rate after Jun 2026 meeting?,2026-06-17,5.0,finalized,no,2025-08-06T14:30:00Z,2026-06-17T17:55:00Z,3339.66,True,"Will the upper bound of the federal funds rate be above 5.00% following the Fed's Jun 17, 2026 meeting?"
KXFED-26JUN-T5.25,KXFED-26JUN,Fed funds rate after Jun 2026 meeting?,2026-06-17,5.25,finalized,no,2025-08-06T14:30:00Z,2026-06-17T17:55:00Z,4623.61,True,"Will the upper bound of the federal funds rate be above 5.25% following the Fed's Jun 17, 2026 meeting?"
KXFED-26JUL-T2.75,KXFED-26JUL,Fed funds rate after Jul 2026 meeting?,2026-07-29,2.75,finalized,yes,2025-08-06T14:30:00Z,2026-07-29T17:55:00Z,128861.86,False,"Will the upper bound of the federal funds rate be above 2.75% following the Fed's Jul 29, 2026 meeting?"
KXFED-26JUL-T3.00,KXFED-26JUL,Fed funds rate after Jul 2026 meeting?,2026-07-29,3.0,finalized,yes,2025-08-06T14:30:00Z,2026-07-29T17:55:00Z,72786.26,False,"Will the upper bound of the federal funds rate be above 3.00% following the Fed's Jul 29, 2026 meeting?"
KXFED-26JUL-T3.25,KXFED-26JUL,Fed funds rate after Jul 2026 meeting?,2026-07-29,3.25,finalized,yes,2025-08-06T14:30:00Z,2026-07-29T17:55:00Z,95515.81,False,"Will the upper bound of the federal funds rate be above 3.25% following the Fed's Jul 29, 2026 meeting?"
KXFED-26JUL-T3.50,KXFED-26JUL,Fed funds rate after Jul 2026 meeting?,2026-07-29,3.5,finalized,yes,2025-08-06T14:30:00Z,2026-07-29T17:55:00Z,880159.16,False,"Will the upper bound of the federal funds rate be above 3.50% following the Fed's Jul 29, 2026 meeting?"
KXFED-26JUL-T3.75,KXFED-26JUL,Fed funds rate after Jul 2026 meeting?,2026-07-29,3.75,finalized,no,2025-08-06T14:30:00Z,2026-07-29T17:55:00Z,1341145.79,False,"Will the upper bound of the federal funds rate be above 3.75% following the Fed's Jul 29, 2026 meeting?"
KXFED-26JUL-T4.00,KXFED-26JUL,Fed funds rate after Jul 2026 meeting?,2026-07-29,4.0,finalized,no,2025-08-06T14:30:00Z,2026-07-29T17:55:00Z,597316.97,False,"Will the upper bound of the federal funds rate be above 4.00% following the Fed's Jul 29, 2026 meeting?"
KXFED-26JUL-T4.25,KXFED-26JUL,Fed funds rate after Jul 2026 meeting?,2026-07-29,4.25,finalized,no,2025-08-06T14:30:00Z,2026-07-29T17:55:00Z,125074.75,False,"Will the upper bound of the federal funds rate be above 4.25% following the Fed's Jul 29, 2026 meeting?"
KXFED-26JUL-T4.50,KXFED-26JUL,Fed funds rate after Jul 2026 meeting?,2026-07-29,4.5,finalized,no,2025-08-06T14:30:00Z,2026-07-29T17:55:00Z,9937.8,False,"Will the upper bound of the federal funds rate be above 4.50% following the Fed's Jul 29, 2026 meeting?"
KXFED-26JUL-T4.75,KXFED-26JUL,Fed funds rate after Jul 2026 meeting?,2026-07-29,4.75,finalized,no,2025-08-06T14:30:00Z,2026-07-29T17:55:00Z,4381.25,False,"Will the upper bound of the federal funds rate be above 4.75% following the Fed's Jul 29, 2026 meeting?"
KXFED-26JUL-T5.00,KXFED-26JUL,Fed funds rate after Jul 2026 meeting?,2026-07-29,5.0,finalized,no,2025-08-06T14:30:00Z,2026-07-29T17:55:00Z,2938.31,False,"Will the upper bound of the federal funds rate be above 5.00% following the Fed's Jul 29, 2026 meeting?"
KXFED-26JUL-T5.25,KXFED-26JUL,Fed funds rate after Jul 2026 meeting?,2026-07-29,5.25,finalized,no,2025-08-06T14:30:00Z,2026-07-29T17:55:00Z,3068.81,False,"Will the upper bound of the federal funds rate be above 5.25% following the Fed's Jul 29, 2026 meeting?"
KXFED-26SEP-T2.75,KXFED-26SEP,Fed funds rate after Sep 2026 meeting?,2026-09-16,2.75,finalized,yes,2025-08-06T14:30:00Z,2026-09-16T17:55:00Z,22073.56,False,"Will the upper bound of the federal funds rate be above 2.75% following the Fed's Sep 16, 2026 meeting?"
KXFED-26SEP-T3.00,KXFED-26SEP,Fed funds rate after Sep 2026 meeting?,2026-09-16,3.0,finalized,yes,2025-08-06T14:30:00Z,2026-09-16T17:55:00Z,10714.86,False,"Will the upper bound of the federal funds rate be above 3.00% following the Fed's Sep 16, 2026 meeting?"
KXFED-26SEP-T3.25,KXFED-26SEP,Fed funds rate after Sep 2026 meeting?,2026-09-16,3.25,finalized,yes,2025-08-06T14:30:00Z,2026-09-16T17:55:00Z,12024.39,False,"Will the upper bound of the federal funds rate be above 3.25% following the Fed's Sep 16, 2026 meeting?"
KXFED-26SEP-T3.50,KXFED-26SEP,Fed funds rate after Sep 2026 meeting?,2026-09-16,3.5,finalized,yes,2025-08-06T14:30:00Z,2026-09-16T17:55:00Z,368612.85,False,"Will the upper bound of the federal funds rate be above 3.50% following the Fed's Sep 16, 2026 meeting?"
KXFED-26SEP-T3.75,KXFED-26SEP,Fed funds rate after Sep 2026 meeting?,2026-09-16,3.75,finalized,yes,2025-08-06T14:30:00Z,2026-09-16T17:55:00Z,1080771.0,False,"Will the upper bound of the federal funds rate be above 3.75% following the Fed's Sep 16, 2026 meeting?"
KXFED-26SEP-T4.00,KXFED-26SEP,Fed funds rate after Sep 2026 meeting?,2026-09-16,4.0,finalized,no,2025-08-06T14:30:00Z,2026-09-16T17:55:00Z,639949.85,False,"Will the upper bound of the federal funds rate be above 4.00% following the Fed's Sep 16, 2026 meeting?"
KXFED-26SEP-T4.25,KXFED-26SEP,Fed funds rate after Sep 2026 meeting?,2026-09-16,4.25,finalized,no,2025-08-06T14:30:00Z,2026-09-16T17:55:00Z,93172.38,False,"Will the upper bound of the federal funds rate be above 4.25% following the Fed's Sep 16, 2026 meeting?"
KXFED-26SEP-T4.50,KXFED-26SEP,Fed funds rate after Sep 2026 meeting?,2026-09-16,4.5,finalized,no,2025-08-06T14:30:00Z,2026-09-16T17:55:00Z,160915.79,False,"Will the upper bound of the federal funds rate be above 4.50% following the Fed's Sep 16, 2026 meeting?"
KXFED-26SEP-T4.75,KXFED-26SEP,Fed funds rate after Sep 2026 meeting?,2026-09-16,4.75,finalized,no,2025-08-06T14:30:00Z,2026-09-16T17:55:00Z,398151.88,False,"Will the upper bound of the federal funds rate be above 4.75% following the Fed's Sep 16, 2026 meeting?"
KXFED-26SEP-T5.00,KXFED-26SEP,Fed funds rate after Sep 2026 meeting?,2026-09-16,5.0,finalized,no,2025-08-06T14:30:00Z,2026-09-16T17:55:00Z,5967.85,False,"Will the upper bound of the federal funds rate be above 5.00% following the Fed's Sep 16, 2026 meeting?"
KXFED-26SEP-T5.25,KXFED-26SEP,Fed funds rate after Sep 2026 meeting?,2026-09-16,5.25,finalized,no,2025-08-06T14:30:00Z,2026-09-16T17:55:00Z,608.51,False,"Will the upper bound of the federal funds rate be above 5.25% following the Fed's Sep 16, 2026 meeting?"
KXFED-26OCT-T2.75,KXFED-26OCT,Fed funds rate after Oct 2026 meeting?,2026-10-28,2.75,active,,2025-08-06T14:30:00Z,2026-10-28T17:55:00Z,2210.19,False,"Will the upper bound of the federal funds rate be above 2.75% following the Fed's Oct 28, 2026 meeting?"
KXFED-26OCT-T3.00,KXFED-26OCT,Fed funds rate after Oct 2026 meeting?,2026-10-28,3.0,active,,2025-08-06T14:30:00Z,2026-10-28T17:55:00Z,3184.99,False,"Will the upper bound of the federal funds rate be above 3.00% following the Fed's Oct 28, 2026 meeting?"
KXFED-26OCT-T3.25,KXFED-26OCT,Fed funds rate after Oct 2026 meeting?,2026-10-28,3.25,active,,2025-08-06T14:30:00Z,2026-10-28T17:55:00Z,5797.1,False,"Will the upper bound of the federal funds rate be above 3.25% following the Fed's Oct 28, 2026 meeting?"
KXFED-26OCT-T3.50,KXFED-26OCT,Fed funds rate after Oct 2026 meeting?,2026-10-28,3.5,active,,2025-08-06T14:30:00Z,2026-10-28T17:55:00Z,13133.77,False,"Will the upper bound of the federal funds rate be above 3.50% following the Fed's Oct 28, 2026 meeting?"
KXFED-26OCT-T3.75,KXFED-26OCT,Fed funds rate after Oct 2026 meeting?,2026-10-28,3.75,active,,2025-08-06T14:30:00Z,2026-10-28T17:55:00Z,23959.11,False,"Will the upper bound of the federal funds rate be above 3.75% following the Fed's Oct 28, 2026 meeting?"
KXFED-26OCT-T4.00,KXFED-26OCT,Fed funds rate after Oct 2026 meeting?,2026-10-28,4.0,active,,2025-08-06T14:30:00Z,2026-10-28T17:55:00Z,66423.57,False,"Will the upper bound of the federal funds rate be above 4.00% following the Fed's Oct 28, 2026 meeting?"
KXFED-26OCT-T4.25,KXFED-26OCT,Fed funds rate after Oct 2026 meeting?,2026-10-28,4.25,active,,2025-08-06T14:30:00Z,2026-10-28T17:55:00Z,19003.84,False,"Will the upper bound of the federal funds rate be above 4.25% following the Fed's Oct 28, 2026 meeting?"
KXFED-26OCT-T4.50,KXFED-26OCT,Fed funds rate after Oct 2026 meeting?,2026-10-28,4.5,active,,2025-08-06T14:30:00Z,2026-10-28T17:55:00Z,6345.14,False,"Will the upper bound of the federal funds rate be above 4.50% following the Fed's Oct 28, 2026 meeting?"
KXFED-26OCT-T4.75,KXFED-26OCT,Fed funds rate after Oct 2026 meeting?,2026-10-28,4.75,active,,2025-08-06T14:30:00Z,2026-10-28T17:55:00Z,2220.63,False,"Will the upper bound of the federal funds rate be above 4.75% following the Fed's Oct 28, 2026 meeting?"
KXFED-26OCT-T5.00,KXFED-26OCT,Fed funds rate after Oct 2026 meeting?,2026-10-28,5.0,active,,2025-08-06T14:30:00Z,2026-10-28T17:55:00Z,1050.03,False,"Will the upper bound of the federal funds rate be above 5.00% following the Fed's Oct 28, 2026 meeting?"
KXFED-26OCT-T5.25,KXFED-26OCT,Fed funds rate after Oct 2026 meeting?,2026-10-28,5.25,active,,2025-08-06T14:30:00Z,2026-10-28T17:55:00Z,1490.0,False,"Will the upper bound of the federal funds rate be above 5.25% following the Fed's Oct 28, 2026 meeting?"
KXFED-26DEC-T2.75,KXFED-26DEC,Fed funds rate after Dec 2026 meeting?,2026-12-09,2.75,active,,2025-08-06T14:30:00Z,2026-12-09T18:55:00Z,20465.55,False,"Will the upper bound of the federal funds rate be above 2.75% following the Fed's Dec 9, 2026 meeting?"
KXFED-26DEC-T3.00,KXFED-26DEC,Fed funds rate after Dec 2026 meeting?,2026-12-09,3.0,active,,2025-08-06T14:30:00Z,2026-12-09T18:55:00Z,7988.17,False,"Will the upper bound of the federal funds rate be above 3.00% following the Fed's Dec 9, 2026 meeting?"
KXFED-26DEC-T3.25,KXFED-26DEC,Fed funds rate after Dec 2026 meeting?,2026-12-09,3.25,active,,2025-08-06T14:30:00Z,2026-12-09T18:55:00Z,13967.48,False,"Will the upper bound of the federal funds rate be above 3.25% following the Fed's Dec 9, 2026 meeting?"
KXFED-26DEC-T3.50,KXFED-26DEC,Fed funds rate after Dec 2026 meeting?,2026-12-09,3.5,active,,2025-08-06T14:30:00Z,2026-12-09T18:55:00Z,33963.85,False,"Will the upper bound of the federal funds rate be above 3.50% following the Fed's Dec 9, 2026 meeting?"
KXFED-26DEC-T3.75,KXFED-26DEC,Fed funds rate after Dec 2026 meeting?,2026-12-09,3.75,active,,2025-08-06T14:30:00Z,2026-12-09T18:55:00Z,46094.09,False,"Will the upper bound of the federal funds rate be above 3.75% following the Fed's Dec 9, 2026 meeting?"
KXFED-26DEC-T4.00,KXFED-26DEC,Fed funds rate after Dec 2026 meeting?,2026-12-09,4.0,active,,2025-08-06T14:30:00Z,2026-12-09T18:55:00Z,34359.54,False,"Will the upper bound of the federal funds rate be above 4.00% following the Fed's Dec 9, 2026 meeting?"
KXFED-26DEC-T4.25,KXFED-26DEC,Fed funds rate after Dec 2026 meeting?,2026-12-09,4.25,active,,2025-08-06T14:30:00Z,2026-12-09T18:55:00Z,33295.55,False,"Will the upper bound of the federal funds rate be above 4.25% following the Fed's Dec 9, 2026 meeting?"
KXFED-26DEC-T4.50,KXFED-26DEC,Fed funds rate after Dec 2026 meeting?,2026-12-09,4.5,active,,2025-08-06T14:30:00Z,2026-12-09T18:55:00Z,10331.11,False,"Will the upper bound of the federal funds rate be above 4.50% following the Fed's Dec 9, 2026 meeting?"
KXFED-26DEC-T4.75,KXFED-26DEC,Fed funds rate after Dec 2026 meeting?,2026-12-09,4.75,active,,2025-08-06T14:30:00Z,2026-12-09T18:55:00Z,1804.13,False,"Will the upper bound of the federal funds rate be above 4.75% following the Fed's Dec 9, 2026 meeting?"
KXFED-26DEC-T5.00,KXFED-26DEC,Fed funds rate after Dec 2026 meeting?,2026-12-09,5.0,active,,2025-08-06T14:30:00Z,2026-12-09T18:55:00Z,1711.32,False,"Will the upper bound of the federal funds rate be above 5.00% following the Fed's Dec 9, 2026 meeting?"
KXFED-26DEC-T5.25,KXFED-26DEC,Fed funds rate after Dec 2026 meeting?,2026-12-09,5.25,active,,2025-08-06T14:30:00Z,2026-12-09T18:55:00Z,944.87,False,"Will the upper bound of the federal funds rate be above 5.25% following the Fed's Dec 9, 2026 meeting?"
KXFED-27JAN-T0.00,KXFED-27JAN,Fed funds rate after Jan 2027 meeting?,2027-01-27,0.0,active,,2025-10-06T14:00:00Z,2027-01-27T18:55:00Z,1073.3,False,"Will the upper bound of the federal funds rate be above 0.00% following the Fed's Jan 27, 2027 meeting?"
KXFED-27JAN-T0.25,KXFED-27JAN,Fed funds rate after Jan 2027 meeting?,2027-01-27,0.25,active,,2025-10-06T14:00:00Z,2027-01-27T18:55:00Z,1143.02,False,"Will the upper bound of the federal funds rate be above 0.25% following the Fed's Jan 27, 2027 meeting?"
KXFED-27JAN-T0.50,KXFED-27JAN,Fed funds rate after Jan 2027 meeting?,2027-01-27,0.5,active,,2025-10-06T14:00:00Z,2027-01-27T18:55:00Z,2427.01,False,"Will the upper bound of the federal funds rate be above 0.50% following the Fed's Jan 27, 2027 meeting?"
KXFED-27JAN-T0.75,KXFED-27JAN,Fed funds rate after Jan 2027 meeting?,2027-01-27,0.75,active,,2025-10-06T14:00:00Z,2027-01-27T18:55:00Z,2143.5,False,"Will the upper bound of the federal funds rate be above 0.75% following the Fed's Jan 27, 2027 meeting?"
KXFED-27JAN-T1.00,KXFED-27JAN,Fed funds rate after Jan 2027 meeting?,2027-01-27,1.0,active,,2025-10-06T14:00:00Z,2027-01-27T18:55:00Z,1401.29,False,"Will the upper bound of the federal funds rate be above 1.00% following the Fed's Jan 27, 2027 meeting?"
KXFED-27JAN-T1.25,KXFED-27JAN,Fed funds rate after Jan 2027 meeting?,2027-01-27,1.25,active,,2025-10-06T14:00:00Z,2027-01-27T18:55:00Z,2631.16,False,"Will the upper bound of the federal funds rate be above 1.25% following the Fed's Jan 27, 2027 meeting?"
KXFED-27JAN-T1.50,KXFED-27JAN,Fed funds rate after Jan 2027 meeting?,2027-01-27,1.5,active,,2025-10-06T14:00:00Z,2027-01-27T18:55:00Z,2400.39,False,"Will the upper bound of the federal funds rate be above 1.50% following the Fed's Jan 27, 2027 meeting?"
KXFED-27JAN-T1.75,KXFED-27JAN,Fed funds rate after Jan 2027 meeting?,2027-01-27,1.75,active,,2025-10-06T14:00:00Z,2027-01-27T18:55:00Z,1466.91,False,"Will the upper bound of the federal funds rate be above 1.75% following the Fed's Jan 27, 2027 meeting?"
KXFED-27JAN-T2.00,KXFED-27JAN,Fed funds rate after Jan 2027 meeting?,2027-01-27,2.0,active,,2025-10-06T14:00:00Z,2027-01-27T18:55:00Z,1810.81,False,"Will the upper bound of the federal funds rate be above 2.00% following the Fed's Jan 27, 2027 meeting?"
KXFED-27JAN-T2.25,KXFED-27JAN,Fed funds rate after Jan 2027 meeting?,2027-01-27,2.25,active,,2025-10-06T14:00:00Z,2027-01-27T18:55:00Z,1682.57,False,"Will the upper bound of the federal funds rate be above 2.25% following the Fed's Jan 27, 2027 meeting?"
KXFED-27JAN-T2.50,KXFED-27JAN,Fed funds rate after Jan 2027 meeting?,2027-01-27,2.5,active,,2025-10-06T14:00:00Z,2027-01-27T18:55:00Z,2418.07,False,"Will the upper bound of the federal funds rate be above 2.50% following the Fed's Jan 27, 2027 meeting?"
KXFED-27JAN-T2.75,KXFED-27JAN,Fed funds rate after Jan 2027 meeting?,2027-01-27,2.75,active,,2025-10-06T14:00:00Z,2027-01-27T18:55:00Z,1093.05,False,"Will the upper bound of the federal funds rate be above 2.75% following the Fed's Jan 27, 2027 meeting?"
KXFED-27JAN-T3.00,KXFED-27JAN,Fed funds rate after Jan 2027 meeting?,2027-01-27,3.0,active,,2025-10-06T14:00:00Z,2027-01-27T18:55:00Z,5516.17,False,"Will the upper bound of the federal funds rate be above 3.00% following the Fed's Jan 27, 2027 meeting?"
KXFED-27JAN-T3.25,KXFED-27JAN,Fed funds rate after Jan 2027 meeting?,2027-01-27,3.25,active,,2025-10-06T14:00:00Z,2027-01-27T18:55:00Z,13229.99,False,"Will the upper bound of the federal funds rate be above 3.25% following the Fed's Jan 27, 2027 meeting?"
KXFED-27JAN-T3.50,KXFED-27JAN,Fed funds rate after Jan 2027 meeting?,2027-01-27,3.5,active,,2025-10-06T14:00:00Z,2027-01-27T18:55:00Z,7488.16,False,"Will the upper bound of the federal funds rate be above 3.50% following the Fed's Jan 27, 2027 meeting?"
KXFED-27JAN-T3.75,KXFED-27JAN,Fed funds rate after Jan 2027 meeting?,2027-01-27,3.75,active,,2025-10-06T14:00:00Z,2027-01-27T18:55:00Z,2371.44,False,"Will the upper bound of the federal funds rate be above 3.75% following the Fed's Jan 27, 2027 meeting?"
KXFED-27JAN-T4.00,KXFED-27JAN,Fed funds rate after Jan 2027 meeting?,2027-01-27,4.0,active,,2025-10-06T14:00:00Z,2027-01-27T18:55:00Z,4922.26,False,"Will the upper bound of the federal funds rate be above 4.00% following the Fed's Jan 27, 2027 meeting?"
KXFED-27JAN-T4.25,KXFED-27JAN,Fed funds rate after Jan 2027 meeting?,2027-01-27,4.25,active,,2025-10-06T14:00:00Z,2027-01-27T18:55:00Z,2102.86,False,"Will the upper bound of the federal funds rate be above 4.25% following the Fed's Jan 27, 2027 meeting?"
KXFED-27JAN-T4.50,KXFED-27JAN,Fed funds rate after Jan 2027 meeting?,2027-01-27,4.5,active,,2026-09-18T15:00:00Z,2027-01-27T18:55:00Z,0.0,False,"Will the upper bound of the federal funds rate be above 4.50% following the Fed's Jan 27, 2027 meeting?"
KXFED-27JAN-T4.75,KXFED-27JAN,Fed funds rate after Jan 2027 meeting?,2027-01-27,4.75,active,,2026-09-18T15:00:00Z,2027-01-27T18:55:00Z,0.0,False,"Will the upper bound of the federal funds rate be above 4.75% following the Fed's Jan 27, 2027 meeting?"
KXFED-27JAN-T5.00,KXFED-27JAN,Fed funds rate after Jan 2027 meeting?,2027-01-27,5.0,active,,2026-09-18T15:00:00Z,2027-01-27T18:55:00Z,0.0,False,"Will the upper bound of the federal funds rate be above 5.00% following the Fed's Jan 27, 2027 meeting?"
KXFED-27JAN-T5.25,KXFED-27JAN,Fed funds rate after Jan 2027 meeting?,2027-01-27,5.25,active,,2026-09-18T15:00:00Z,2027-01-27T18:55:00Z,5.0,False,"Will the upper bound of the federal funds rate be above 5.25% following the Fed's Jan 27, 2027 meeting?"
KXFED-27JAN-T5.50,KXFED-27JAN,Fed funds rate after Jan 2027 meeting?,2027-01-27,5.5,active,,2026-09-18T15:00:00Z,2027-01-27T18:55:00Z,0.0,False,"Will the upper bound of the federal funds rate be above 5.50% following the Fed's Jan 27, 2027 meeting?"
KXFED-27JAN-T5.75,KXFED-27JAN,Fed funds rate after Jan 2027 meeting?,2027-01-27,5.75,active,,2026-09-18T15:00:00Z,2027-01-27T18:55:00Z,0.0,False,"Will the upper bound of the federal funds rate be above 5.75% following the Fed's Jan 27, 2027 meeting?"
KXFED-27JAN-T6.00,KXFED-27JAN,Fed funds rate after Jan 2027 meeting?,2027-01-27,6.0,active,,2026-09-18T15:00:00Z,2027-01-27T18:55:00Z,3.42,False,"Will the upper bound of the federal funds rate be above 6.00% following the Fed's Jan 27, 2027 meeting?"
KXFED-27MAR-T0.00,KXFED-27MAR,Fed funds rate after Mar 2027 meeting?,2027-03-17,0.0,active,,2025-10-13T14:00:00Z,2027-03-17T17:55:00Z,782.91,False,"Will the upper bound of the federal funds rate be above 0.00% following the Fed's Mar 17, 2027 meeting?"
KXFED-27MAR-T0.25,KXFED-27MAR,Fed funds rate after Mar 2027 meeting?,2027-03-17,0.25,active,,2025-10-13T14:00:00Z,2027-03-17T17:55:00Z,872.04,False,"Will the upper bound of the federal funds rate be above 0.25% following the Fed's Mar 17, 2027 meeting?"
KXFED-27MAR-T0.50,KXFED-27MAR,Fed funds rate after Mar 2027 meeting?,2027-03-17,0.5,active,,2025-10-13T14:00:00Z,2027-03-17T17:55:00Z,675.01,False,"Will the upper bound of the federal funds rate be above 0.50% following the Fed's Mar 17, 2027 meeting?"
KXFED-27MAR-T0.75,KXFED-27MAR,Fed funds rate after Mar 2027 meeting?,2027-03-17,0.75,active,,2025-10-13T14:00:00Z,2027-03-17T17:55:00Z,1246.32,False,"Will the upper bound of the federal funds rate be above 0.75% following the Fed's Mar 17, 2027 meeting?"
KXFED-27MAR-T1.00,KXFED-27MAR,Fed funds rate after Mar 2027 meeting?,2027-03-17,1.0,active,,2025-10-13T14:00:00Z,2027-03-17T17:55:00Z,1333.04,False,"Will the upper bound of the federal funds rate be above 1.00% following the Fed's Mar 17, 2027 meeting?"
KXFED-27MAR-T1.25,KXFED-27MAR,Fed funds rate after Mar 2027 meeting?,2027-03-17,1.25,active,,2025-10-13T14:00:00Z,2027-03-17T17:55:00Z,1677.21,False,"Will the upper bound of the federal funds rate be above 1.25% following the Fed's Mar 17, 2027 meeting?"
KXFED-27MAR-T1.50,KXFED-27MAR,Fed funds rate after Mar 2027 meeting?,2027-03-17,1.5,active,,2025-10-13T14:00:00Z,2027-03-17T17:55:00Z,914.71,False,"Will the upper bound of the federal funds rate be above 1.50% following the Fed's Mar 17, 2027 meeting?"
KXFED-27MAR-T1.75,KXFED-27MAR,Fed funds rate after Mar 2027 meeting?,2027-03-17,1.75,active,,2025-10-13T14:00:00Z,2027-03-17T17:55:00Z,1380.4,False,"Will the upper bound of the federal funds rate be above 1.75% following the Fed's Mar 17, 2027 meeting?"
KXFED-27MAR-T2.00,KXFED-27MAR,Fed funds rate after Mar 2027 meeting?,2027-03-17,2.0,active,,2025-10-13T14:00:00Z,2027-03-17T17:55:00Z,3358.75,False,"Will the upper bound of the federal funds rate be above 2.00% following the Fed's Mar 17, 2027 meeting?"
KXFED-27MAR-T2.25,KXFED-27MAR,Fed funds rate after Mar 2027 meeting?,2027-03-17,2.25,active,,2025-10-13T14:00:00Z,2027-03-17T17:55:00Z,2315.48,False,"Will the upper bound of the federal funds rate be above 2.25% following the Fed's Mar 17, 2027 meeting?"
KXFED-27MAR-T2.50,KXFED-27MAR,Fed funds rate after Mar 2027 meeting?,2027-03-17,2.5,active,,2025-10-13T14:00:00Z,2027-03-17T17:55:00Z,1245.34,False,"Will the upper bound of the federal funds rate be above 2.50% following the Fed's Mar 17, 2027 meeting?"
KXFED-27MAR-T2.75,KXFED-27MAR,Fed funds rate after Mar 2027 meeting?,2027-03-17,2.75,active,,2025-10-13T14:00:00Z,2027-03-17T17:55:00Z,1774.73,False,"Will the upper bound of the federal funds rate be above 2.75% following the Fed's Mar 17, 2027 meeting?"
KXFED-27MAR-T3.00,KXFED-27MAR,Fed funds rate after Mar 2027 meeting?,2027-03-17,3.0,active,,2025-10-13T14:00:00Z,2027-03-17T17:55:00Z,1734.03,False,"Will the upper bound of the federal funds rate be above 3.00% following the Fed's Mar 17, 2027 meeting?"
KXFED-27MAR-T3.25,KXFED-27MAR,Fed funds rate after Mar 2027 meeting?,2027-03-17,3.25,active,,2025-10-13T14:00:00Z,2027-03-17T17:55:00Z,4751.56,False,"Will the upper bound of the federal funds rate be above 3.25% following the Fed's Mar 17, 2027 meeting?"
KXFED-27MAR-T3.50,KXFED-27MAR,Fed funds rate after Mar 2027 meeting?,2027-03-17,3.5,active,,2025-10-13T14:00:00Z,2027-03-17T17:55:00Z,3330.73,False,"Will the upper bound of the federal funds rate be above 3.50% following the Fed's Mar 17, 2027 meeting?"
KXFED-27MAR-T3.75,KXFED-27MAR,Fed funds rate after Mar 2027 meeting?,2027-03-17,3.75,active,,2025-10-13T14:00:00Z,2027-03-17T17:55:00Z,2475.27,False,"Will the upper bound of the federal funds rate be above 3.75% following the Fed's Mar 17, 2027 meeting?"
KXFED-27MAR-T4.00,KXFED-27MAR,Fed funds rate after Mar 2027 meeting?,2027-03-17,4.0,active,,2025-10-13T14:00:00Z,2027-03-17T17:55:00Z,4255.77,False,"Will the upper bound of the federal funds rate be above 4.00% following the Fed's Mar 17, 2027 meeting?"
KXFED-27MAR-T4.25,KXFED-27MAR,Fed funds rate after Mar 2027 meeting?,2027-03-17,4.25,active,,2025-10-13T14:00:00Z,2027-03-17T17:55:00Z,3373.92,False,"Will the upper bound of the federal funds rate be above 4.25% following the Fed's Mar 17, 2027 meeting?"
KXFED-27MAR-T4.50,KXFED-27MAR,Fed funds rate after Mar 2027 meeting?,2027-03-17,4.5,active,,2026-09-18T15:00:00Z,2027-03-17T17:55:00Z,0.0,False,"Will the upper bound of the federal funds rate be above 4.50% following the Fed's Mar 17, 2027 meeting?"
KXFED-27MAR-T4.75,KXFED-27MAR,Fed funds rate after Mar 2027 meeting?,2027-03-17,4.75,active,,2026-09-18T15:00:00Z,2027-03-17T17:55:00Z,1.0,False,"Will the upper bound of the federal funds rate be above 4.75% following the Fed's Mar 17, 2027 meeting?"
KXFED-27MAR-T5.00,KXFED-27MAR,Fed funds rate after Mar 2027 meeting?,2027-03-17,5.0,active,,2026-09-18T15:00:00Z,2027-03-17T17:55:00Z,0.0,False,"Will the upper bound of the federal funds rate be above 5.00% following the Fed's Mar 17, 2027 meeting?"
KXFED-27MAR-T5.25,KXFED-27MAR,Fed funds rate after Mar 2027 meeting?,2027-03-17,5.25,active,,2026-09-18T15:00:00Z,2027-03-17T17:55:00Z,0.0,False,"Will the upper bound of the federal funds rate be above 5.25% following the Fed's Mar 17, 2027 meeting?"
KXFED-27MAR-T5.50,KXFED-27MAR,Fed funds rate after Mar 2027 meeting?,2027-03-17,5.5,active,,2026-09-18T15:00:00Z,2027-03-17T17:55:00Z,0.0,False,"Will the upper bound of the federal funds rate be above 5.50% following the Fed's Mar 17, 2027 meeting?"
KXFED-27MAR-T5.75,KXFED-27MAR,Fed funds rate after Mar 2027 meeting?,2027-03-17,5.75,active,,2026-09-18T15:00:00Z,2027-03-17T17:55:00Z,11.0,False,"Will the upper bound of the federal funds rate be above 5.75% following the Fed's Mar 17, 2027 meeting?"
KXFED-27MAR-T6.00,KXFED-27MAR,Fed funds rate after Mar 2027 meeting?,2027-03-17,6.0,active,,2026-09-18T15:00:00Z,2027-03-17T17:55:00Z,0.0,False,"Will the upper bound of the federal funds rate be above 6.00% following the Fed's Mar 17, 2027 meeting?"
KXFED-27APR-T0.00,KXFED-27APR,Fed funds rate after Apr 2027 meeting?,2027-04-28,0.0,active,,2025-10-13T14:00:00Z,2027-04-28T17:55:00Z,1717.52,False,"Will the upper bound of the federal funds rate be above 0.00% following the Fed's Apr 28, 2027 meeting?"
KXFED-27APR-T0.25,KXFED-27APR,Fed funds rate after Apr 2027 meeting?,2027-04-28,0.25,active,,2025-10-13T14:00:00Z,2027-04-28T17:55:00Z,2197.85,False,"Will the upper bound of the federal funds rate be above 0.25% following the Fed's Apr 28, 2027 meeting?"
KXFED-27APR-T0.50,KXFED-27APR,Fed funds rate after Apr 2027 meeting?,2027-04-28,0.5,active,,2025-10-13T14:00:00Z,2027-04-28T17:55:00Z,2745.09,False,"Will the upper bound of the federal funds rate be above 0.50% following the Fed's Apr 28, 2027 meeting?"
KXFED-27APR-T0.75,KXFED-27APR,Fed funds rate after Apr 2027 meeting?,2027-04-28,0.75,active,,2025-10-13T14:00:00Z,2027-04-28T17:55:00Z,3780.5,False,"Will the upper bound of the federal funds rate be above 0.75% following the Fed's Apr 28, 2027 meeting?"
KXFED-27APR-T1.00,KXFED-27APR,Fed funds rate after Apr 2027 meeting?,2027-04-28,1.0,active,,2025-10-13T14:00:00Z,2027-04-28T17:55:00Z,4895.56,False,"Will the upper bound of the federal funds rate be above 1.00% following the Fed's Apr 28, 2027 meeting?"
KXFED-27APR-T1.25,KXFED-27APR,Fed funds rate after Apr 2027 meeting?,2027-04-28,1.25,active,,2025-10-13T14:00:00Z,2027-04-28T17:55:00Z,8000.75,False,"Will the upper bound of the federal funds rate be above 1.25% following the Fed's Apr 28, 2027 meeting?"
KXFED-27APR-T1.50,KXFED-27APR,Fed funds rate after Apr 2027 meeting?,2027-04-28,1.5,active,,2025-10-13T14:00:00Z,2027-04-28T17:55:00Z,5377.26,False,"Will the upper bound of the federal funds rate be above 1.50% following the Fed's Apr 28, 2027 meeting?"
KXFED-27APR-T1.75,KXFED-27APR,Fed funds rate after Apr 2027 meeting?,2027-04-28,1.75,active,,2025-10-13T14:00:00Z,2027-04-28T17:55:00Z,3327.46,False,"Will the upper bound of the federal funds rate be above 1.75% following the Fed's Apr 28, 2027 meeting?"
KXFED-27APR-T2.00,KXFED-27APR,Fed funds rate after Apr 2027 meeting?,2027-04-28,2.0,active,,2025-10-13T14:00:00Z,2027-04-28T17:55:00Z,7433.59,False,"Will the upper bound of the federal funds rate be above 2.00% following the Fed's Apr 28, 2027 meeting?"
KXFED-27APR-T2.25,KXFED-27APR,Fed funds rate after Apr 2027 meeting?,2027-04-28,2.25,active,,2025-10-13T14:00:00Z,2027-04-28T17:55:00Z,6201.18,False,"Will the upper bound of the federal funds rate be above 2.25% following the Fed's Apr 28, 2027 meeting?"
KXFED-27APR-T2.50,KXFED-27APR,Fed funds rate after Apr 2027 meeting?,2027-04-28,2.5,active,,2025-10-13T14:00:00Z,2027-04-28T17:55:00Z,6558.3,False,"Will the upper bound of the federal funds rate be above 2.50% following the Fed's Apr 28, 2027 meeting?"
KXFED-27APR-T2.75,KXFED-27APR,Fed funds rate after Apr 2027 meeting?,2027-04-28,2.75,active,,2025-10-13T14:00:00Z,2027-04-28T17:55:00Z,6589.86,False,"Will the upper bound of the federal funds rate be above 2.75% following the Fed's Apr 28, 2027 meeting?"
KXFED-27APR-T3.00,KXFED-27APR,Fed funds rate after Apr 2027 meeting?,2027-04-28,3.0,active,,2025-10-13T14:00:00Z,2027-04-28T17:55:00Z,16129.03,False,"Will the upper bound of the federal funds rate be above 3.00% following the Fed's Apr 28, 2027 meeting?"
KXFED-27APR-T3.25,KXFED-27APR,Fed funds rate after Apr 2027 meeting?,2027-04-28,3.25,active,,2025-10-13T14:00:00Z,2027-04-28T17:55:00Z,16435.12,False,"Will the upper bound of the federal funds rate be above 3.25% following the Fed's Apr 28, 2027 meeting?"
KXFED-27APR-T3.50,KXFED-27APR,Fed funds rate after Apr 2027 meeting?,2027-04-28,3.5,active,,2025-10-13T14:00:00Z,2027-04-28T17:55:00Z,23112.05,False,"Will the upper bound of the federal funds rate be above 3.50% following the Fed's Apr 28, 2027 meeting?"
KXFED-27APR-T3.75,KXFED-27APR,Fed funds rate after Apr 2027 meeting?,2027-04-28,3.75,active,,2025-10-13T14:00:00Z,2027-04-28T17:55:00Z,11086.77,False,"Will the upper bound of the federal funds rate be above 3.75% following the Fed's Apr 28, 2027 meeting?"
KXFED-27APR-T4.00,KXFED-27APR,Fed funds rate after Apr 2027 meeting?,2027-04-28,4.0,active,,2025-10-13T14:00:00Z,2027-04-28T17:55:00Z,15671.92,False,"Will the upper bound of the federal funds rate be above 4.00% following the Fed's Apr 28, 2027 meeting?"
KXFED-27APR-T4.25,KXFED-27APR,Fed funds rate after Apr 2027 meeting?,2027-04-28,4.25,active,,2025-10-13T14:00:00Z,2027-04-28T17:55:00Z,10425.81,False,"Will the upper bound of the federal funds rate be above 4.25% following the Fed's Apr 28, 2027 meeting?"
KXFED-27APR-T4.50,KXFED-27APR,Fed funds rate after Apr 2027 meeting?,2027-04-28,4.5,active,,2026-09-18T15:00:00Z,2027-04-28T17:55:00Z,0.0,False,"Will the upper bound of the federal funds rate be above 4.50% following the Fed's Apr 28, 2027 meeting?"
KXFED-27APR-T4.75,KXFED-27APR,Fed funds rate after Apr 2027 meeting?,2027-04-28,4.75,active,,2026-09-18T15:00:00Z,2027-04-28T17:55:00Z,0.0,False,"Will the upper bound of the federal funds rate be above 4.75% following the Fed's Apr 28, 2027 meeting?"
KXFED-27APR-T5.00,KXFED-27APR,Fed funds rate after Apr 2027 meeting?,2027-04-28,5.0,active,,2026-09-18T15:00:00Z,2027-04-28T17:55:00Z,0.0,False,"Will the upper bound of the federal funds rate be above 5.00% following the Fed's Apr 28, 2027 meeting?"
KXFED-27APR-T5.25,KXFED-27APR,Fed funds rate after Apr 2027 meeting?,2027-04-28,5.25,active,,2026-09-18T15:00:00Z,2027-04-28T17:55:00Z,0.0,False,"Will the upper bound of the federal funds rate be above 5.25% following the Fed's Apr 28, 2027 meeting?"
KXFED-27APR-T5.50,KXFED-27APR,Fed funds rate after Apr 2027 meeting?,2027-04-28,5.5,active,,2026-09-18T15:00:00Z,2027-04-28T17:55:00Z,1.0,False,"Will the upper bound of the federal funds rate be above 5.50% following the Fed's Apr 28, 2027 meeting?"
KXFED-27APR-T5.75,KXFED-27APR,Fed funds rate after Apr 2027 meeting?,2027-04-28,5.75,active,,2026-09-18T15:00:00Z,2027-04-28T17:55:00Z,0.0,False,"Will the upper bound of the federal funds rate be above 5.75% following the Fed's Apr 28, 2027 meeting?"
KXFED-27APR-T6.00,KXFED-27APR,Fed funds rate after Apr 2027 meeting?,2027-04-28,6.0,active,,2026-09-18T15:00:00Z,2027-04-28T17:55:00Z,0.0,False,"Will the upper bound of the federal funds rate be above 6.00% following the Fed's Apr 28, 2027 meeting?"
KXFED-27JUN-T0.00,KXFED-27JUN,Fed funds rate after Jun 2027 meeting?,2027-06-09,0.0,active,,2026-09-18T15:00:00Z,2027-06-09T17:55:00Z,731.0,False,"Will the upper bound of the federal funds rate be above 0.00% following the Fed's Jun 9, 2027 meeting?"
KXFED-27JUN-T0.25,KXFED-27JUN,Fed funds rate after Jun 2027 meeting?,2027-06-09,0.25,active,,2026-09-18T15:00:00Z,2027-06-09T17:55:00Z,121.0,False,"Will the upper bound of the federal funds rate be above 0.25% following the Fed's Jun 9, 2027 meeting?"
KXFED-27JUN-T0.50,KXFED-27JUN,Fed funds rate after Jun 2027 meeting?,2027-06-09,0.5,active,,2026-09-18T15:00:00Z,2027-06-09T17:55:00Z,1.0,False,"Will the upper bound of the federal funds rate be above 0.50% following the Fed's Jun 9, 2027 meeting?"
KXFED-27JUN-T0.75,KXFED-27JUN,Fed funds rate after Jun 2027 meeting?,2027-06-09,0.75,active,,2026-09-18T15:00:00Z,2027-06-09T17:55:00Z,1.0,False,"Will the upper bound of the federal funds rate be above 0.75% following the Fed's Jun 9, 2027 meeting?"
KXFED-27JUN-T1.00,KXFED-27JUN,Fed funds rate after Jun 2027 meeting?,2027-06-09,1.0,active,,2026-09-18T15:00:00Z,2027-06-09T17:55:00Z,1.0,False,"Will the upper bound of the federal funds rate be above 1.00% following the Fed's Jun 9, 2027 meeting?"
KXFED-27JUN-T1.25,KXFED-27JUN,Fed funds rate after Jun 2027 meeting?,2027-06-09,1.25,active,,2026-09-18T15:00:00Z,2027-06-09T17:55:00Z,1.0,False,"Will the upper bound of the federal funds rate be above 1.25% following the Fed's Jun 9, 2027 meeting?"
KXFED-27JUN-T1.50,KXFED-27JUN,Fed funds rate after Jun 2027 meeting?,2027-06-09,1.5,active,,2026-09-18T15:00:00Z,2027-06-09T17:55:00Z,1.0,False,"Will the upper bound of the federal funds rate be above 1.50% following the Fed's Jun 9, 2027 meeting?"
KXFED-27JUN-T1.75,KXFED-27JUN,Fed funds rate after Jun 2027 meeting?,2027-06-09,1.75,active,,2026-09-18T15:00:00Z,2027-06-09T17:55:00Z,1.0,False,"Will the upper bound of the federal funds rate be above 1.75% following the Fed's Jun 9, 2027 meeting?"
KXFED-27JUN-T2.00,KXFED-27JUN,Fed funds rate after Jun 2027 meeting?,2027-06-09,2.0,active,,2026-09-18T15:00:00Z,2027-06-09T17:55:00Z,2.0,False,"Will the upper bound of the federal funds rate be above 2.00% following the Fed's Jun 9, 2027 meeting?"
KXFED-27JUN-T2.25,KXFED-27JUN,Fed funds rate after Jun 2027 meeting?,2027-06-09,2.25,active,,2026-09-18T15:00:00Z,2027-06-09T17:55:00Z,2.0,False,"Will the upper bound of the federal funds rate be above 2.25% following the Fed's Jun 9, 2027 meeting?"
KXFED-27JUN-T2.50,KXFED-27JUN,Fed funds rate after Jun 2027 meeting?,2027-06-09,2.5,active,,2026-09-18T15:00:00Z,2027-06-09T17:55:00Z,2.0,False,"Will the upper bound of the federal funds rate be above 2.50% following the Fed's Jun 9, 2027 meeting?"
KXFED-27JUN-T2.75,KXFED-27JUN,Fed funds rate after Jun 2027 meeting?,2027-06-09,2.75,active,,2026-09-18T15:00:00Z,2027-06-09T17:55:00Z,2.0,False,"Will the upper bound of the federal funds rate be above 2.75% following the Fed's Jun 9, 2027 meeting?"
KXFED-27JUN-T3.00,KXFED-27JUN,Fed funds rate after Jun 2027 meeting?,2027-06-09,3.0,active,,2026-09-18T15:00:00Z,2027-06-09T17:55:00Z,2.0,False,"Will the upper bound of the federal funds rate be above 3.00% following the Fed's Jun 9, 2027 meeting?"
KXFED-27JUN-T3.25,KXFED-27JUN,Fed funds rate after Jun 2027 meeting?,2027-06-09,3.25,active,,2026-09-18T15:00:00Z,2027-06-09T17:55:00Z,2.0,False,"Will the upper bound of the federal funds rate be above 3.25% following the Fed's Jun 9, 2027 meeting?"
KXFED-27JUN-T3.50,KXFED-27JUN,Fed funds rate after Jun 2027 meeting?,2027-06-09,3.5,active,,2026-09-18T15:00:00Z,2027-06-09T17:55:00Z,0.0,False,"Will the upper bound of the federal funds rate be above 3.50% following the Fed's Jun 9, 2027 meeting?"
KXFED-27JUN-T3.75,KXFED-27JUN,Fed funds rate after Jun 2027 meeting?,2027-06-09,3.75,active,,2026-09-18T15:00:00Z,2027-06-09T17:55:00Z,0.0,False,"Will the upper bound of the federal funds rate be above 3.75% following the Fed's Jun 9, 2027 meeting?"
KXFED-27JUN-T4.00,KXFED-27JUN,Fed funds rate after Jun 2027 meeting?,2027-06-09,4.0,active,,2026-09-18T15:00:00Z,2027-06-09T17:55:00Z,500.0,False,"Will the upper bound of the federal funds rate be above 4.00% following the Fed's Jun 9, 2027 meeting?"
KXFED-27JUN-T4.25,KXFED-27JUN,Fed funds rate after Jun 2027 meeting?,2027-06-09,4.25,active,,2026-09-18T15:00:00Z,2027-06-09T17:55:00Z,0.0,False,"Will the upper bound of the federal funds rate be above 4.25% following the Fed's Jun 9, 2027 meeting?"
KXFED-27JUN-T4.50,KXFED-27JUN,Fed funds rate after Jun 2027 meeting?,2027-06-09,4.5,active,,2026-09-18T15:00:00Z,2027-06-09T17:55:00Z,0.0,False,"Will the upper bound of the federal funds rate be above 4.50% following the Fed's Jun 9, 2027 meeting?"
KXFED-27JUN-T4.75,KXFED-27JUN,Fed funds rate after Jun 2027 meeting?,2027-06-09,4.75,active,,2026-09-18T15:00:00Z,2027-06-09T17:55:00Z,500.0,False,"Will the upper bound of the federal funds rate be above 4.75% following the Fed's Jun 9, 2027 meeting?"
KXFED-27JUN-T5.00,KXFED-27JUN,Fed funds rate after Jun 2027 meeting?,2027-06-09,5.0,active,,2026-09-18T15:00:00Z,2027-06-09T17:55:00Z,0.0,False,"Will the upper bound of the federal funds rate be above 5.00% following the Fed's Jun 9, 2027 meeting?"
KXFED-27JUN-T5.25,KXFED-27JUN,Fed funds rate after Jun 2027 meeting?,2027-06-09,5.25,active,,2026-09-18T15:00:00Z,2027-06-09T17:55:00Z,0.0,False,"Will the upper bound of the federal funds rate be above 5.25% following the Fed's Jun 9, 2027 meeting?"
KXFED-27JUN-T5.50,KXFED-27JUN,Fed funds rate after Jun 2027 meeting?,2027-06-09,5.5,active,,2026-09-18T15:00:00Z,2027-06-09T17:55:00Z,0.0,False,"Will the upper bound of the federal funds rate be above 5.50% following the Fed's Jun 9, 2027 meeting?"
KXFED-27JUN-T5.75,KXFED-27JUN,Fed funds rate after Jun 2027 meeting?,2027-06-09,5.75,active,,2026-09-18T15:00:00Z,2027-06-09T17:55:00Z,0.0,False,"Will the upper bound of the federal funds rate be above 5.75% following the Fed's Jun 9, 2027 meeting?"
KXFED-27JUN-T6.00,KXFED-27JUN,Fed funds rate after Jun 2027 meeting?,2027-06-09,6.0,active,,2026-09-18T15:00:00Z,2027-06-09T17:55:00Z,0.0,False,"Will the upper bound of the federal funds rate be above 6.00% following the Fed's Jun 9, 2027 meeting?"
KXFED-27JUL-T0.00,KXFED-27JUL,Fed funds rate after Jul 2027 meeting?,2027-07-28,0.0,active,,2026-09-18T15:00:00Z,2027-07-28T17:55:00Z,1.0,False,"Will the upper bound of the federal funds rate be above 0.00% following the Fed's Jul 28, 2027 meeting?"
KXFED-27JUL-T0.25,KXFED-27JUL,Fed funds rate after Jul 2027 meeting?,2027-07-28,0.25,active,,2026-09-18T15:00:00Z,2027-07-28T17:55:00Z,1.0,False,"Will the upper bound of the federal funds rate be above 0.25% following the Fed's Jul 28, 2027 meeting?"
KXFED-27JUL-T0.50,KXFED-27JUL,Fed funds rate after Jul 2027 meeting?,2027-07-28,0.5,active,,2026-09-18T15:00:00Z,2027-07-28T17:55:00Z,1.0,False,"Will the upper bound of the federal funds rate be above 0.50% following the Fed's Jul 28, 2027 meeting?"
KXFED-27JUL-T0.75,KXFED-27JUL,Fed funds rate after Jul 2027 meeting?,2027-07-28,0.75,active,,2026-09-18T15:00:00Z,2027-07-28T17:55:00Z,1.0,False,"Will the upper bound of the federal funds rate be above 0.75% following the Fed's Jul 28, 2027 meeting?"
KXFED-27JUL-T1.00,KXFED-27JUL,Fed funds rate after Jul 2027 meeting?,2027-07-28,1.0,active,,2026-09-18T15:00:00Z,2027-07-28T17:55:00Z,1.0,False,"Will the upper bound of the federal funds rate be above 1.00% following the Fed's Jul 28, 2027 meeting?"
KXFED-27JUL-T1.25,KXFED-27JUL,Fed funds rate after Jul 2027 meeting?,2027-07-28,1.25,active,,2026-09-18T15:00:00Z,2027-07-28T17:55:00Z,1.0,False,"Will the upper bound of the federal funds rate be above 1.25% following the Fed's Jul 28, 2027 meeting?"
KXFED-27JUL-T1.50,KXFED-27JUL,Fed funds rate after Jul 2027 meeting?,2027-07-28,1.5,active,,2026-09-18T15:00:00Z,2027-07-28T17:55:00Z,1.0,False,"Will the upper bound of the federal funds rate be above 1.50% following the Fed's Jul 28, 2027 meeting?"
KXFED-27JUL-T1.75,KXFED-27JUL,Fed funds rate after Jul 2027 meeting?,2027-07-28,1.75,active,,2026-09-18T15:00:00Z,2027-07-28T17:55:00Z,2.0,False,"Will the upper bound of the federal funds rate be above 1.75% following the Fed's Jul 28, 2027 meeting?"
KXFED-27JUL-T2.00,KXFED-27JUL,Fed funds rate after Jul 2027 meeting?,2027-07-28,2.0,active,,2026-09-18T15:00:00Z,2027-07-28T17:55:00Z,2.0,False,"Will the upper bound of the federal funds rate be above 2.00% following the Fed's Jul 28, 2027 meeting?"
KXFED-27JUL-T2.25,KXFED-27JUL,Fed funds rate after Jul 2027 meeting?,2027-07-28,2.25,active,,2026-09-18T15:00:00Z,2027-07-28T17:55:00Z,2.0,False,"Will the upper bound of the federal funds rate be above 2.25% following the Fed's Jul 28, 2027 meeting?"
KXFED-27JUL-T2.50,KXFED-27JUL,Fed funds rate after Jul 2027 meeting?,2027-07-28,2.5,active,,2026-09-18T15:00:00Z,2027-07-28T17:55:00Z,2.0,False,"Will the upper bound of the federal funds rate be above 2.50% following the Fed's Jul 28, 2027 meeting?"
KXFED-27JUL-T2.75,KXFED-27JUL,Fed funds rate after Jul 2027 meeting?,2027-07-28,2.75,active,,2026-09-18T15:00:00Z,2027-07-28T17:55:00Z,1.0,False,"Will the upper bound of the federal funds rate be above 2.75% following the Fed's Jul 28, 2027 meeting?"
KXFED-27JUL-T3.00,KXFED-27JUL,Fed funds rate after Jul 2027 meeting?,2027-07-28,3.0,active,,2026-09-18T15:00:00Z,2027-07-28T17:55:00Z,1.0,False,"Will the upper bound of the federal funds rate be above 3.00% following the Fed's Jul 28, 2027 meeting?"
KXFED-27JUL-T3.25,KXFED-27JUL,Fed funds rate after Jul 2027 meeting?,2027-07-28,3.25,active,,2026-09-18T15:00:00Z,2027-07-28T17:55:00Z,1.0,False,"Will the upper bound of the federal funds rate be above 3.25% following the Fed's Jul 28, 2027 meeting?"
KXFED-27JUL-T3.50,KXFED-27JUL,Fed funds rate after Jul 2027 meeting?,2027-07-28,3.5,active,,2026-09-18T15:00:00Z,2027-07-28T17:55:00Z,0.0,False,"Will the upper bound of the federal funds rate be above 3.50% following the Fed's Jul 28, 2027 meeting?"
KXFED-27JUL-T3.75,KXFED-27JUL,Fed funds rate after Jul 2027 meeting?,2027-07-28,3.75,active,,2026-09-18T15:00:00Z,2027-07-28T17:55:00Z,0.0,False,"Will the upper bound of the federal funds rate be above 3.75% following the Fed's Jul 28, 2027 meeting?"
KXFED-27JUL-T4.00,KXFED-27JUL,Fed funds rate after Jul 2027 meeting?,2027-07-28,4.0,active,,2026-09-18T15:00:00Z,2027-07-28T17:55:00Z,0.0,False,"Will the upper bound of the federal funds rate be above 4.00% following the Fed's Jul 28, 2027 meeting?"
KXFED-27JUL-T4.25,KXFED-27JUL,Fed funds rate after Jul 2027 meeting?,2027-07-28,4.25,active,,2026-09-18T15:00:00Z,2027-07-28T17:55:00Z,0.0,False,"Will the upper bound of the federal funds rate be above 4.25% following the Fed's Jul 28, 2027 meeting?"
KXFED-27JUL-T4.50,KXFED-27JUL,Fed funds rate after Jul 2027 meeting?,2027-07-28,4.5,active,,2026-09-18T15:00:00Z,2027-07-28T17:55:00Z,0.0,False,"Will the upper bound of the federal funds rate be above 4.50% following the Fed's Jul 28, 2027 meeting?"
KXFED-27JUL-T4.75,KXFED-27JUL,Fed funds rate after Jul 2027 meeting?,2027-07-28,4.75,active,,2026-09-18T15:00:00Z,2027-07-28T17:55:00Z,0.0,False,"Will the upper bound of the federal funds rate be above 4.75% following the Fed's Jul 28, 2027 meeting?"
KXFED-27JUL-T5.00,KXFED-27JUL,Fed funds rate after Jul 2027 meeting?,2027-07-28,5.0,active,,2026-09-18T15:00:00Z,2027-07-28T17:55:00Z,0.0,False,"Will the upper bound of the federal funds rate be above 5.00% following the Fed's Jul 28, 2027 meeting?"
KXFED-27JUL-T5.25,KXFED-27JUL,Fed funds rate after Jul 2027 meeting?,2027-07-28,5.25,active,,2026-09-18T15:00:00Z,2027-07-28T17:55:00Z,0.0,False,"Will the upper bound of the federal funds rate be above 5.25% following the Fed's Jul 28, 2027 meeting?"
KXFED-27JUL-T5.50,KXFED-27JUL,Fed funds rate after Jul 2027 meeting?,2027-07-28,5.5,active,,2026-09-18T15:00:00Z,2027-07-28T17:55:00Z,0.0,False,"Will the upper bound of the federal funds rate be above 5.50% following the Fed's Jul 28, 2027 meeting?"
KXFED-27JUL-T5.75,KXFED-27JUL,Fed funds rate after Jul 2027 meeting?,2027-07-28,5.75,active,,2026-09-18T15:00:00Z,2027-07-28T17:55:00Z,0.0,False,"Will the upper bound of the federal funds rate be above 5.75% following the Fed's Jul 28, 2027 meeting?"
KXFED-27JUL-T6.00,KXFED-27JUL,Fed funds rate after Jul 2027 meeting?,2027-07-28,6.0,active,,2026-09-18T15:00:00Z,2027-07-28T17:55:00Z,0.0,False,"Will the upper bound of the federal funds rate be above 6.00% following the Fed's Jul 28, 2027 meeting?"
KXFED-27SEP-T0.00,KXFED-27SEP,Fed funds rate after Sep 2027 meeting?,2027-09-15,0.0,active,,2026-09-18T15:00:00Z,2027-09-15T17:55:00Z,3.0,False,"Will the upper bound of the federal funds rate be above 0.00% following the Fed's Sep 15, 2027 meeting?"
KXFED-27SEP-T0.25,KXFED-27SEP,Fed funds rate after Sep 2027 meeting?,2027-09-15,0.25,active,,2026-09-18T15:00:00Z,2027-09-15T17:55:00Z,3.0,False,"Will the upper bound of the federal funds rate be above 0.25% following the Fed's Sep 15, 2027 meeting?"
KXFED-27SEP-T0.50,KXFED-27SEP,Fed funds rate after Sep 2027 meeting?,2027-09-15,0.5,active,,2026-09-18T15:00:00Z,2027-09-15T17:55:00Z,3.0,False,"Will the upper bound of the federal funds rate be above 0.50% following the Fed's Sep 15, 2027 meeting?"
KXFED-27SEP-T0.75,KXFED-27SEP,Fed funds rate after Sep 2027 meeting?,2027-09-15,0.75,active,,2026-09-18T15:00:00Z,2027-09-15T17:55:00Z,3.0,False,"Will the upper bound of the federal funds rate be above 0.75% following the Fed's Sep 15, 2027 meeting?"
KXFED-27SEP-T1.00,KXFED-27SEP,Fed funds rate after Sep 2027 meeting?,2027-09-15,1.0,active,,2026-09-18T15:00:00Z,2027-09-15T17:55:00Z,2.0,False,"Will the upper bound of the federal funds rate be above 1.00% following the Fed's Sep 15, 2027 meeting?"
KXFED-27SEP-T1.25,KXFED-27SEP,Fed funds rate after Sep 2027 meeting?,2027-09-15,1.25,active,,2026-09-18T15:00:00Z,2027-09-15T17:55:00Z,2.0,False,"Will the upper bound of the federal funds rate be above 1.25% following the Fed's Sep 15, 2027 meeting?"
KXFED-27SEP-T1.50,KXFED-27SEP,Fed funds rate after Sep 2027 meeting?,2027-09-15,1.5,active,,2026-09-18T15:00:00Z,2027-09-15T17:55:00Z,2.0,False,"Will the upper bound of the federal funds rate be above 1.50% following the Fed's Sep 15, 2027 meeting?"
KXFED-27SEP-T1.75,KXFED-27SEP,Fed funds rate after Sep 2027 meeting?,2027-09-15,1.75,active,,2026-09-18T15:00:00Z,2027-09-15T17:55:00Z,2.0,False,"Will the upper bound of the federal funds rate be above 1.75% following the Fed's Sep 15, 2027 meeting?"
KXFED-27SEP-T2.00,KXFED-27SEP,Fed funds rate after Sep 2027 meeting?,2027-09-15,2.0,active,,2026-09-18T15:00:00Z,2027-09-15T17:55:00Z,2.0,False,"Will the upper bound of the federal funds rate be above 2.00% following the Fed's Sep 15, 2027 meeting?"
KXFED-27SEP-T2.25,KXFED-27SEP,Fed funds rate after Sep 2027 meeting?,2027-09-15,2.25,active,,2026-09-18T15:00:00Z,2027-09-15T17:55:00Z,2.0,False,"Will the upper bound of the federal funds rate be above 2.25% following the Fed's Sep 15, 2027 meeting?"
KXFED-27SEP-T2.50,KXFED-27SEP,Fed funds rate after Sep 2027 meeting?,2027-09-15,2.5,active,,2026-09-18T15:00:00Z,2027-09-15T17:55:00Z,1.0,False,"Will the upper bound of the federal funds rate be above 2.50% following the Fed's Sep 15, 2027 meeting?"
KXFED-27SEP-T2.75,KXFED-27SEP,Fed funds rate after Sep 2027 meeting?,2027-09-15,2.75,active,,2026-09-18T15:00:00Z,2027-09-15T17:55:00Z,1.0,False,"Will the upper bound of the federal funds rate be above 2.75% following the Fed's Sep 15, 2027 meeting?"
KXFED-27SEP-T3.00,KXFED-27SEP,Fed funds rate after Sep 2027 meeting?,2027-09-15,3.0,active,,2026-09-18T15:00:00Z,2027-09-15T17:55:00Z,1.0,False,"Will the upper bound of the federal funds rate be above 3.00% following the Fed's Sep 15, 2027 meeting?"
KXFED-27SEP-T3.25,KXFED-27SEP,Fed funds rate after Sep 2027 meeting?,2027-09-15,3.25,active,,2026-09-18T15:00:00Z,2027-09-15T17:55:00Z,2.0,False,"Will the upper bound of the federal funds rate be above 3.25% following the Fed's Sep 15, 2027 meeting?"
KXFED-27SEP-T3.50,KXFED-27SEP,Fed funds rate after Sep 2027 meeting?,2027-09-15,3.5,active,,2026-09-18T15:00:00Z,2027-09-15T17:55:00Z,0.0,False,"Will the upper bound of the federal funds rate be above 3.50% following the Fed's Sep 15, 2027 meeting?"
KXFED-27SEP-T3.75,KXFED-27SEP,Fed funds rate after Sep 2027 meeting?,2027-09-15,3.75,active,,2026-09-18T15:00:00Z,2027-09-15T17:55:00Z,0.0,False,"Will the upper bound of the federal funds rate be above 3.75% following the Fed's Sep 15, 2027 meeting?"
KXFED-27SEP-T4.00,KXFED-27SEP,Fed funds rate after Sep 2027 meeting?,2027-09-15,4.0,active,,2026-09-18T15:00:00Z,2027-09-15T17:55:00Z,0.0,False,"Will the upper bound of the federal funds rate be above 4.00% following the Fed's Sep 15, 2027 meeting?"
KXFED-27SEP-T4.25,KXFED-27SEP,Fed funds rate after Sep 2027 meeting?,2027-09-15,4.25,active,,2026-09-18T15:00:00Z,2027-09-15T17:55:00Z,0.0,False,"Will the upper bound of the federal funds rate be above 4.25% following the Fed's Sep 15, 2027 meeting?"
KXFED-27SEP-T4.50,KXFED-27SEP,Fed funds rate after Sep 2027 meeting?,2027-09-15,4.5,active,,2026-09-18T15:00:00Z,2027-09-15T17:55:00Z,0.0,False,"Will the upper bound of the federal funds rate be above 4.50% following the Fed's Sep 15, 2027 meeting?"
KXFED-27SEP-T4.75,KXFED-27SEP,Fed funds rate after Sep 2027 meeting?,2027-09-15,4.75,active,,2026-09-18T15:00:00Z,2027-09-15T17:55:00Z,0.0,False,"Will the upper bound of the federal funds rate be above 4.75% following the Fed's Sep 15, 2027 meeting?"
KXFED-27SEP-T5.00,KXFED-27SEP,Fed funds rate after Sep 2027 meeting?,2027-09-15,5.0,active,,2026-09-18T15:00:00Z,2027-09-15T17:55:00Z,0.0,False,"Will the upper bound of the federal funds rate be above 5.00% following the Fed's Sep 15, 2027 meeting?"
KXFED-27SEP-T5.25,KXFED-27SEP,Fed funds rate after Sep 2027 meeting?,2027-09-15,5.25,active,,2026-09-18T15:00:00Z,2027-09-15T17:55:00Z,0.0,False,"Will the upper bound of the federal funds rate be above 5.25% following the Fed's Sep 15, 2027 meeting?"
KXFED-27SEP-T5.50,KXFED-27SEP,Fed funds rate after Sep 2027 meeting?,2027-09-15,5.5,active,,2026-09-18T15:00:00Z,2027-09-15T17:55:00Z,0.0,False,"Will the upper bound of the federal funds rate be above 5.50% following the Fed's Sep 15, 2027 meeting?"
KXFED-27SEP-T5.75,KXFED-27SEP,Fed funds rate after Sep 2027 meeting?,2027-09-15,5.75,active,,2026-09-18T15:00:00Z,2027-09-15T17:55:00Z,0.0,False,"Will the upper bound of the federal funds rate be above 5.75% following the Fed's Sep 15, 2027 meeting?"
KXFED-27SEP-T6.00,KXFED-27SEP,Fed funds rate after Sep 2027 meeting?,2027-09-15,6.0,active,,2026-09-18T15:00:00Z,2027-09-15T17:55:00Z,0.0,False,"Will the upper bound of the federal funds rate be above 6.00% following the Fed's Sep 15, 2027 meeting?"
KXFED-27OCT-T0.00,KXFED-27OCT,Fed funds rate after Oct 2027 meeting?,2027-10-27,0.0,active,,2026-09-18T15:00:00Z,2027-10-27T17:55:00Z,14.0,False,"Will the upper bound of the federal funds rate be above 0.00% following the Fed's Oct 27, 2027 meeting?"
KXFED-27OCT-T0.25,KXFED-27OCT,Fed funds rate after Oct 2027 meeting?,2027-10-27,0.25,active,,2026-09-18T15:00:00Z,2027-10-27T17:55:00Z,8.0,False,"Will the upper bound of the federal funds rate be above 0.25% following the Fed's Oct 27, 2027 meeting?"
KXFED-27OCT-T0.50,KXFED-27OCT,Fed funds rate after Oct 2027 meeting?,2027-10-27,0.5,active,,2026-09-18T15:00:00Z,2027-10-27T17:55:00Z,7.0,False,"Will the upper bound of the federal funds rate be above 0.50% following the Fed's Oct 27, 2027 meeting?"
KXFED-27OCT-T0.75,KXFED-27OCT,Fed funds rate after Oct 2027 meeting?,2027-10-27,0.75,active,,2026-09-18T15:00:00Z,2027-10-27T17:55:00Z,7.0,False,"Will the upper bound of the federal funds rate be above 0.75% following the Fed's Oct 27, 2027 meeting?"
KXFED-27OCT-T1.00,KXFED-27OCT,Fed funds rate after Oct 2027 meeting?,2027-10-27,1.0,active,,2026-09-18T15:00:00Z,2027-10-27T17:55:00Z,6.0,False,"Will the upper bound of the federal funds rate be above 1.00% following the Fed's Oct 27, 2027 meeting?"
KXFED-27OCT-T1.25,KXFED-27OCT,Fed funds rate after Oct 2027 meeting?,2027-10-27,1.25,active,,2026-09-18T15:00:00Z,2027-10-27T17:55:00Z,6.0,False,"Will the upper bound of the federal funds rate be above 1.25% following the Fed's Oct 27, 2027 meeting?"
KXFED-27OCT-T1.50,KXFED-27OCT,Fed funds rate after Oct 2027 meeting?,2027-10-27,1.5,active,,2026-09-18T15:00:00Z,2027-10-27T17:55:00Z,6.0,False,"Will the upper bound of the federal funds rate be above 1.50% following the Fed's Oct 27, 2027 meeting?"
KXFED-27OCT-T1.75,KXFED-27OCT,Fed funds rate after Oct 2027 meeting?,2027-10-27,1.75,active,,2026-09-18T15:00:00Z,2027-10-27T17:55:00Z,5.0,False,"Will the upper bound of the federal funds rate be above 1.75% following the Fed's Oct 27, 2027 meeting?"
KXFED-27OCT-T2.00,KXFED-27OCT,Fed funds rate after Oct 2027 meeting?,2027-10-27,2.0,active,,2026-09-18T15:00:00Z,2027-10-27T17:55:00Z,5.0,False,"Will the upper bound of the federal funds rate be above 2.00% following the Fed's Oct 27, 2027 meeting?"
KXFED-27OCT-T2.25,KXFED-27OCT,Fed funds rate after Oct 2027 meeting?,2027-10-27,2.25,active,,2026-09-18T15:00:00Z,2027-10-27T17:55:00Z,5.0,False,"Will the upper bound of the federal funds rate be above 2.25% following the Fed's Oct 27, 2027 meeting?"
KXFED-27OCT-T2.50,KXFED-27OCT,Fed funds rate after Oct 2027 meeting?,2027-10-27,2.5,active,,2026-09-18T15:00:00Z,2027-10-27T17:55:00Z,4.0,False,"Will the upper bound of the federal funds rate be above 2.50% following the Fed's Oct 27, 2027 meeting?"
KXFED-27OCT-T2.75,KXFED-27OCT,Fed funds rate after Oct 2027 meeting?,2027-10-27,2.75,active,,2026-09-18T15:00:00Z,2027-10-27T17:55:00Z,4.0,False,"Will the upper bound of the federal funds rate be above 2.75% following the Fed's Oct 27, 2027 meeting?"
KXFED-27OCT-T3.00,KXFED-27OCT,Fed funds rate after Oct 2027 meeting?,2027-10-27,3.0,active,,2026-09-18T15:00:00Z,2027-10-27T17:55:00Z,4.0,False,"Will the upper bound of the federal funds rate be above 3.00% following the Fed's Oct 27, 2027 meeting?"
KXFED-27OCT-T3.25,KXFED-27OCT,Fed funds rate after Oct 2027 meeting?,2027-10-27,3.25,active,,2026-09-18T15:00:00Z,2027-10-27T17:55:00Z,3.0,False,"Will the upper bound of the federal funds rate be above 3.25% following the Fed's Oct 27, 2027 meeting?"
KXFED-27OCT-T3.50,KXFED-27OCT,Fed funds rate after Oct 2027 meeting?,2027-10-27,3.5,active,,2026-09-18T15:00:00Z,2027-10-27T17:55:00Z,0.0,False,"Will the upper bound of the federal funds rate be above 3.50% following the Fed's Oct 27, 2027 meeting?"
KXFED-27OCT-T3.75,KXFED-27OCT,Fed funds rate after Oct 2027 meeting?,2027-10-27,3.75,active,,2026-09-18T15:00:00Z,2027-10-27T17:55:00Z,0.0,False,"Will the upper bound of the federal funds rate be above 3.75% following the Fed's Oct 27, 2027 meeting?"
KXFED-27OCT-T4.00,KXFED-27OCT,Fed funds rate after Oct 2027 meeting?,2027-10-27,4.0,active,,2026-09-18T15:00:00Z,2027-10-27T17:55:00Z,0.0,False,"Will the upper bound of the federal funds rate be above 4.00% following the Fed's Oct 27, 2027 meeting?"
KXFED-27OCT-T4.25,KXFED-27OCT,Fed funds rate after Oct 2027 meeting?,2027-10-27,4.25,active,,2026-09-18T15:00:00Z,2027-10-27T17:55:00Z,0.0,False,"Will the upper bound of the federal funds rate be above 4.25% following the Fed's Oct 27, 2027 meeting?"
KXFED-27OCT-T4.50,KXFED-27OCT,Fed funds rate after Oct 2027 meeting?,2027-10-27,4.5,active,,2026-09-18T15:00:00Z,2027-10-27T17:55:00Z,0.0,False,"Will the upper bound of the federal funds rate be above 4.50% following the Fed's Oct 27, 2027 meeting?"
KXFED-27OCT-T4.75,KXFED-27OCT,Fed funds rate after Oct 2027 meeting?,2027-10-27,4.75,active,,2026-09-18T15:00:00Z,2027-10-27T17:55:00Z,0.0,False,"Will the upper bound of the federal funds rate be above 4.75% following the Fed's Oct 27, 2027 meeting?"
KXFED-27OCT-T5.00,KXFED-27OCT,Fed funds rate after Oct 2027 meeting?,2027-10-27,5.0,active,,2026-09-18T15:00:00Z,2027-10-27T17:55:00Z,0.0,False,"Will the upper bound of the federal funds rate be above 5.00% following the Fed's Oct 27, 2027 meeting?"
KXFED-27OCT-T5.25,KXFED-27OCT,Fed funds rate after Oct 2027 meeting?,2027-10-27,5.25,active,,2026-09-18T15:00:00Z,2027-10-27T17:55:00Z,0.0,False,"Will the upper bound of the federal funds rate be above 5.25% following the Fed's Oct 27, 2027 meeting?"
KXFED-27OCT-T5.50,KXFED-27OCT,Fed funds rate after Oct 2027 meeting?,2027-10-27,5.5,active,,2026-09-18T15:00:00Z,2027-10-27T17:55:00Z,0.0,False,"Will the upper bound of the federal funds rate be above 5.50% following the Fed's Oct 27, 2027 meeting?"
KXFED-27OCT-T5.75,KXFED-27OCT,Fed funds rate after Oct 2027 meeting?,2027-10-27,5.75,active,,2026-09-18T15:00:00Z,2027-10-27T17:55:00Z,0.0,False,"Will the upper bound of the federal funds rate be above 5.75% following the Fed's Oct 27, 2027 meeting?"
KXFED-27OCT-T6.00,KXFED-27OCT,Fed funds rate after Oct 2027 meeting?,2027-10-27,6.0,active,,2026-09-18T15:00:00Z,2027-10-27T17:55:00Z,0.0,False,"Will the upper bound of the federal funds rate be above 6.00% following the Fed's Oct 27, 2027 meeting?"
KXFED-27DEC-T0.00,KXFED-27DEC,Fed funds rate after Dec 2027 meeting?,2027-12-08,0.0,active,,2026-09-18T15:00:00Z,2027-12-08T18:55:00Z,15.0,False,"Will the upper bound of the federal funds rate be above 0.00% following the Fed's Dec 8, 2027 meeting?"
KXFED-27DEC-T0.25,KXFED-27DEC,Fed funds rate after Dec 2027 meeting?,2027-12-08,0.25,active,,2026-09-18T15:00:00Z,2027-12-08T18:55:00Z,15.0,False,"Will the upper bound of the federal funds rate be above 0.25% following the Fed's Dec 8, 2027 meeting?"
KXFED-27DEC-T0.50,KXFED-27DEC,Fed funds rate after Dec 2027 meeting?,2027-12-08,0.5,active,,2026-09-18T15:00:00Z,2027-12-08T18:55:00Z,15.0,False,"Will the upper bound of the federal funds rate be above 0.50% following the Fed's Dec 8, 2027 meeting?"
KXFED-27DEC-T0.75,KXFED-27DEC,Fed funds rate after Dec 2027 meeting?,2027-12-08,0.75,active,,2026-09-18T15:00:00Z,2027-12-08T18:55:00Z,15.0,False,"Will the upper bound of the federal funds rate be above 0.75% following the Fed's Dec 8, 2027 meeting?"
KXFED-27DEC-T1.00,KXFED-27DEC,Fed funds rate after Dec 2027 meeting?,2027-12-08,1.0,active,,2026-09-18T15:00:00Z,2027-12-08T18:55:00Z,15.0,False,"Will the upper bound of the federal funds rate be above 1.00% following the Fed's Dec 8, 2027 meeting?"
KXFED-27DEC-T1.25,KXFED-27DEC,Fed funds rate after Dec 2027 meeting?,2027-12-08,1.25,active,,2026-09-18T15:00:00Z,2027-12-08T18:55:00Z,15.0,False,"Will the upper bound of the federal funds rate be above 1.25% following the Fed's Dec 8, 2027 meeting?"
KXFED-27DEC-T1.50,KXFED-27DEC,Fed funds rate after Dec 2027 meeting?,2027-12-08,1.5,active,,2026-09-18T15:00:00Z,2027-12-08T18:55:00Z,14.0,False,"Will the upper bound of the federal funds rate be above 1.50% following the Fed's Dec 8, 2027 meeting?"
KXFED-27DEC-T1.75,KXFED-27DEC,Fed funds rate after Dec 2027 meeting?,2027-12-08,1.75,active,,2026-09-18T15:00:00Z,2027-12-08T18:55:00Z,13.0,False,"Will the upper bound of the federal funds rate be above 1.75% following the Fed's Dec 8, 2027 meeting?"
KXFED-27DEC-T2.00,KXFED-27DEC,Fed funds rate after Dec 2027 meeting?,2027-12-08,2.0,active,,2026-09-18T15:00:00Z,2027-12-08T18:55:00Z,12.0,False,"Will the upper bound of the federal funds rate be above 2.00% following the Fed's Dec 8, 2027 meeting?"
KXFED-27DEC-T2.25,KXFED-27DEC,Fed funds rate after Dec 2027 meeting?,2027-12-08,2.25,active,,2026-09-18T15:00:00Z,2027-12-08T18:55:00Z,12.0,False,"Will the upper bound of the federal funds rate be above 2.25% following the Fed's Dec 8, 2027 meeting?"
KXFED-27DEC-T2.50,KXFED-27DEC,Fed funds rate after Dec 2027 meeting?,2027-12-08,2.5,active,,2026-09-18T15:00:00Z,2027-12-08T18:55:00Z,11.0,False,"Will the upper bound of the federal funds rate be above 2.50% following the Fed's Dec 8, 2027 meeting?"
KXFED-27DEC-T2.75,KXFED-27DEC,Fed funds rate after Dec 2027 meeting?,2027-12-08,2.75,active,,2026-09-18T15:00:00Z,2027-12-08T18:55:00Z,10.0,False,"Will the upper bound of the federal funds rate be above 2.75% following the Fed's Dec 8, 2027 meeting?"
KXFED-27DEC-T3.00,KXFED-27DEC,Fed funds rate after Dec 2027 meeting?,2027-12-08,3.0,active,,2026-09-18T15:00:00Z,2027-12-08T18:55:00Z,10.0,False,"Will the upper bound of the federal funds rate be above 3.00% following the Fed's Dec 8, 2027 meeting?"
KXFED-27DEC-T3.25,KXFED-27DEC,Fed funds rate after Dec 2027 meeting?,2027-12-08,3.25,active,,2026-09-18T15:00:00Z,2027-12-08T18:55:00Z,9.0,False,"Will the upper bound of the federal funds rate be above 3.25% following the Fed's Dec 8, 2027 meeting?"
KXFED-27DEC-T3.50,KXFED-27DEC,Fed funds rate after Dec 2027 meeting?,2027-12-08,3.5,active,,2026-09-18T15:00:00Z,2027-12-08T18:55:00Z,0.0,False,"Will the upper bound of the federal funds rate be above 3.50% following the Fed's Dec 8, 2027 meeting?"
KXFED-27DEC-T3.75,KXFED-27DEC,Fed funds rate after Dec 2027 meeting?,2027-12-08,3.75,active,,2026-09-18T15:00:00Z,2027-12-08T18:55:00Z,0.0,False,"Will the upper bound of the federal funds rate be above 3.75% following the Fed's Dec 8, 2027 meeting?"
KXFED-27DEC-T4.00,KXFED-27DEC,Fed funds rate after Dec 2027 meeting?,2027-12-08,4.0,active,,2026-09-18T15:00:00Z,2027-12-08T18:55:00Z,0.0,False,"Will the upper bound of the federal funds rate be above 4.00% following the Fed's Dec 8, 2027 meeting?"
KXFED-27DEC-T4.25,KXFED-27DEC,Fed funds rate after Dec 2027 meeting?,2027-12-08,4.25,active,,2026-09-18T15:00:00Z,2027-12-08T18:55:00Z,0.26,False,"Will the upper bound of the federal funds rate be above 4.25% following the Fed's Dec 8, 2027 meeting?"
KXFED-27DEC-T4.50,KXFED-27DEC,Fed funds rate after Dec 2027 meeting?,2027-12-08,4.5,active,,2026-09-18T15:00:00Z,2027-12-08T18:55:00Z,1079.0,False,"Will the upper bound of the federal funds rate be above 4.50% following the Fed's Dec 8, 2027 meeting?"
KXFED-27DEC-T4.75,KXFED-27DEC,Fed funds rate after Dec 2027 meeting?,2027-12-08,4.75,active,,2026-09-18T15:00:00Z,2027-12-08T18:55:00Z,0.0,False,"Will the upper bound of the federal funds rate be above 4.75% following the Fed's Dec 8, 2027 meeting?"
KXFED-27DEC-T5.00,KXFED-27DEC,Fed funds rate after Dec 2027 meeting?,2027-12-08,5.0,active,,2026-09-18T15:00:00Z,2027-12-08T18:55:00Z,0.0,False,"Will the upper bound of the federal funds rate be above 5.00% following the Fed's Dec 8, 2027 meeting?"
KXFED-27DEC-T5.25,KXFED-27DEC,Fed funds rate after Dec 2027 meeting?,2027-12-08,5.25,active,,2026-09-18T15:00:00Z,2027-12-08T18:55:00Z,0.0,False,"Will the upper bound of the federal funds rate be above 5.25% following the Fed's Dec 8, 2027 meeting?"
KXFED-27DEC-T5.50,KXFED-27DEC,Fed funds rate after Dec 2027 meeting?,2027-12-08,5.5,active,,2026-09-18T15:00:00Z,2027-12-08T18:55:00Z,0.0,False,"Will the upper bound of the federal funds rate be above 5.50% following the Fed's Dec 8, 2027 meeting?"
KXFED-27DEC-T5.75,KXFED-27DEC,Fed funds rate after Dec 2027 meeting?,2027-12-08,5.75,active,,2026-09-18T15:00:00Z,2027-12-08T18:55:00Z,0.0,False,"Will the upper bound of the federal funds rate be above 5.75% following the Fed's Dec 8, 2027 meeting?"
KXFED-27DEC-T6.00,KXFED-27DEC,Fed funds rate after Dec 2027 meeting?,2027-12-08,6.0,active,,2026-09-18T15:00:00Z,2027-12-08T18:55:00Z,0.0,False,"Will the upper bound of the federal funds rate be above 6.00% following the Fed's Dec 8, 2027 meeting?"
KXFED-28JAN-T0.00,KXFED-28JAN,Fed funds rate after Jan 2028 meeting?,2028-01-26,0.0,active,,2026-09-18T15:00:00Z,2028-01-26T18:55:00Z,15.0,False,"Will the upper bound of the federal funds rate be above 0.00% following the Fed's Jan 26, 2028 meeting?"
KXFED-28JAN-T0.25,KXFED-28JAN,Fed funds rate after Jan 2028 meeting?,2028-01-26,0.25,active,,2026-09-18T15:00:00Z,2028-01-26T18:55:00Z,15.0,False,"Will the upper bound of the federal funds rate be above 0.25% following the Fed's Jan 26, 2028 meeting?"
KXFED-28JAN-T0.50,KXFED-28JAN,Fed funds rate after Jan 2028 meeting?,2028-01-26,0.5,active,,2026-09-18T15:00:00Z,2028-01-26T18:55:00Z,15.0,False,"Will the upper bound of the federal funds rate be above 0.50% following the Fed's Jan 26, 2028 meeting?"
KXFED-28JAN-T0.75,KXFED-28JAN,Fed funds rate after Jan 2028 meeting?,2028-01-26,0.75,active,,2026-09-18T15:00:00Z,2028-01-26T18:55:00Z,15.0,False,"Will the upper bound of the federal funds rate be above 0.75% following the Fed's Jan 26, 2028 meeting?"
KXFED-28JAN-T1.00,KXFED-28JAN,Fed funds rate after Jan 2028 meeting?,2028-01-26,1.0,active,,2026-09-18T15:00:00Z,2028-01-26T18:55:00Z,15.0,False,"Will the upper bound of the federal funds rate be above 1.00% following the Fed's Jan 26, 2028 meeting?"
KXFED-28JAN-T1.25,KXFED-28JAN,Fed funds rate after Jan 2028 meeting?,2028-01-26,1.25,active,,2026-09-18T15:00:00Z,2028-01-26T18:55:00Z,15.0,False,"Will the upper bound of the federal funds rate be above 1.25% following the Fed's Jan 26, 2028 meeting?"
KXFED-28JAN-T1.50,KXFED-28JAN,Fed funds rate after Jan 2028 meeting?,2028-01-26,1.5,active,,2026-09-18T15:00:00Z,2028-01-26T18:55:00Z,15.0,False,"Will the upper bound of the federal funds rate be above 1.50% following the Fed's Jan 26, 2028 meeting?"
KXFED-28JAN-T1.75,KXFED-28JAN,Fed funds rate after Jan 2028 meeting?,2028-01-26,1.75,active,,2026-09-18T15:00:00Z,2028-01-26T18:55:00Z,15.0,False,"Will the upper bound of the federal funds rate be above 1.75% following the Fed's Jan 26, 2028 meeting?"
KXFED-28JAN-T2.00,KXFED-28JAN,Fed funds rate after Jan 2028 meeting?,2028-01-26,2.0,active,,2026-09-18T15:00:00Z,2028-01-26T18:55:00Z,15.0,False,"Will the upper bound of the federal funds rate be above 2.00% following the Fed's Jan 26, 2028 meeting?"
KXFED-28JAN-T2.25,KXFED-28JAN,Fed funds rate after Jan 2028 meeting?,2028-01-26,2.25,active,,2026-09-18T15:00:00Z,2028-01-26T18:55:00Z,15.0,False,"Will the upper bound of the federal funds rate be above 2.25% following the Fed's Jan 26, 2028 meeting?"
KXFED-28JAN-T2.50,KXFED-28JAN,Fed funds rate after Jan 2028 meeting?,2028-01-26,2.5,active,,2026-09-18T15:00:00Z,2028-01-26T18:55:00Z,15.0,False,"Will the upper bound of the federal funds rate be above 2.50% following the Fed's Jan 26, 2028 meeting?"
KXFED-28JAN-T2.75,KXFED-28JAN,Fed funds rate after Jan 2028 meeting?,2028-01-26,2.75,active,,2026-09-18T15:00:00Z,2028-01-26T18:55:00Z,15.0,False,"Will the upper bound of the federal funds rate be above 2.75% following the Fed's Jan 26, 2028 meeting?"
KXFED-28JAN-T3.00,KXFED-28JAN,Fed funds rate after Jan 2028 meeting?,2028-01-26,3.0,active,,2026-09-18T15:00:00Z,2028-01-26T18:55:00Z,15.0,False,"Will the upper bound of the federal funds rate be above 3.00% following the Fed's Jan 26, 2028 meeting?"
KXFED-28JAN-T3.25,KXFED-28JAN,Fed funds rate after Jan 2028 meeting?,2028-01-26,3.25,active,,2026-09-18T15:00:00Z,2028-01-26T18:55:00Z,20.0,False,"Will the upper bound of the federal funds rate be above 3.25% following the Fed's Jan 26, 2028 meeting?"
KXFED-28JAN-T3.50,KXFED-28JAN,Fed funds rate after Jan 2028 meeting?,2028-01-26,3.5,active,,2026-09-18T15:00:00Z,2028-01-26T18:55:00Z,1.0,False,"Will the upper bound of the federal funds rate be above 3.50% following the Fed's Jan 26, 2028 meeting?"
KXFED-28JAN-T3.75,KXFED-28JAN,Fed funds rate after Jan 2028 meeting?,2028-01-26,3.75,active,,2026-09-18T15:00:00Z,2028-01-26T18:55:00Z,0.0,False,"Will the upper bound of the federal funds rate be above 3.75% following the Fed's Jan 26, 2028 meeting?"
KXFED-28JAN-T4.00,KXFED-28JAN,Fed funds rate after Jan 2028 meeting?,2028-01-26,4.0,active,,2026-09-18T15:00:00Z,2028-01-26T18:55:00Z,0.0,False,"Will the upper bound of the federal funds rate be above 4.00% following the Fed's Jan 26, 2028 meeting?"
KXFED-28JAN-T4.25,KXFED-28JAN,Fed funds rate after Jan 2028 meeting?,2028-01-26,4.25,active,,2026-09-18T15:00:00Z,2028-01-26T18:55:00Z,0.0,False,"Will the upper bound of the federal funds rate be above 4.25% following the Fed's Jan 26, 2028 meeting?"
KXFED-28JAN-T4.50,KXFED-28JAN,Fed funds rate after Jan 2028 meeting?,2028-01-26,4.5,active,,2026-09-18T15:00:00Z,2028-01-26T18:55:00Z,0.0,False,"Will the upper bound of the federal funds rate be above 4.50% following the Fed's Jan 26, 2028 meeting?"
KXFED-28JAN-T4.75,KXFED-28JAN,Fed funds rate after Jan 2028 meeting?,2028-01-26,4.75,active,,2026-09-18T15:00:00Z,2028-01-26T18:55:00Z,0.0,False,"Will the upper bound of the federal funds rate be above 4.75% following the Fed's Jan 26, 2028 meeting?"
KXFED-28JAN-T5.00,KXFED-28JAN,Fed funds rate after Jan 2028 meeting?,2028-01-26,5.0,active,,2026-09-18T15:00:00Z,2028-01-26T18:55:00Z,0.0,False,"Will the upper bound of the federal funds rate be above 5.00% following the Fed's Jan 26, 2028 meeting?"
KXFED-28JAN-T5.25,KXFED-28JAN,Fed funds rate after Jan 2028 meeting?,2028-01-26,5.25,active,,2026-09-18T15:00:00Z,2028-01-26T18:55:00Z,0.0,False,"Will the upper bound of the federal funds rate be above 5.25% following the Fed's Jan 26, 2028 meeting?"
KXFED-28JAN-T5.50,KXFED-28JAN,Fed funds rate after Jan 2028 meeting?,2028-01-26,5.5,active,,2026-09-18T15:00:00Z,2028-01-26T18:55:00Z,0.0,False,"Will the upper bound of the federal funds rate be above 5.50% following the Fed's Jan 26, 2028 meeting?"
KXFED-28JAN-T5.75,KXFED-28JAN,Fed funds rate after Jan 2028 meeting?,2028-01-26,5.75,active,,2026-09-18T15:00:00Z,2028-01-26T18:55:00Z,0.0,False,"Will the upper bound of the federal funds rate be above 5.75% following the Fed's Jan 26, 2028 meeting?"
KXFED-28JAN-T6.00,KXFED-28JAN,Fed funds rate after Jan 2028 meeting?,2028-01-26,6.0,active,,2026-09-18T15:00:00Z,2028-01-26T18:55:00Z,0.0,False,"Will the upper bound of the federal funds rate be above 6.00% following the Fed's Jan 26, 2028 meeting?"
